-- phpMyAdmin SQL Dump
-- version 5.2.1
-- https://www.phpmyadmin.net/
--
-- Gép: db2
-- Létrehozás ideje: 2026. Ápr 24. 07:52
-- Kiszolgáló verziója: 9.0.1
-- PHP verzió: 8.2.8

SET SQL_MODE = "NO_AUTO_VALUE_ON_ZERO";
START TRANSACTION;
SET time_zone = "+00:00";


/*!40101 SET @OLD_CHARACTER_SET_CLIENT=@@CHARACTER_SET_CLIENT */;
/*!40101 SET @OLD_CHARACTER_SET_RESULTS=@@CHARACTER_SET_RESULTS */;
/*!40101 SET @OLD_COLLATION_CONNECTION=@@COLLATION_CONNECTION */;
/*!40101 SET NAMES utf8mb4 */;

--
-- Adatbázis: `AkkSneaker`
--

--
-- A tábla adatainak kiíratása `ars`
--

INSERT INTO `ars` (`akcio`, `osszeg`, `penznem`, `vip`, `created_at`, `updated_at`) VALUES
(1, 19990, 'HUF', 0, NULL, NULL);

--
-- A tábla adatainak kiíratása `blogs`
--

INSERT INTO `blogs` (`id`, `cim`, `tartalom`, `szerzo_id`, `publikacio_datuma`, `nyelv_id`, `created_at`, `updated_at`) VALUES
(1, 'Az én véleményem', 'Naon jó oldal ajánlom mindenkinek', 4, '2026-04-20 09:13:31', 1, '2026-04-20 09:13:31', '2026-04-20 09:13:31'),
(2, 'Első blogbejegyzés', 'Ez egy teszt blog.', 1, '2026-04-20 09:31:37', 1, '2026-04-20 09:31:37', '2026-04-20 09:31:37'),
(3, 'Második blogbejegyzés', 'Ez egy második teszt blog.', 1, '2026-04-20 09:31:37', 1, '2026-04-20 09:31:37', '2026-04-20 09:31:37');

--
-- A tábla adatainak kiíratása `felhasznalos`
--

INSERT INTO `felhasznalos` (`felhasznalo_id`, `nev`, `email`, `jelszo`, `salutation`, `first_name`, `last_name`, `alias`, `birth_day`, `birth_month`, `birth_year`, `profile_image`, `telefonszam`, `regisztracio_datuma`, `aktiv`, `nyelv_id`, `szekhely_id`, `role_id`, `created_at`, `updated_at`) VALUES
(1, 'Admin Felhasználó', 'admin@example.com', '$2y$12$B4qYRUemDOv4Weqgbb3pkuXZwz0nsgdLVgS2PoVaXbDNklHsxgZxG', NULL, NULL, NULL, NULL, NULL, NULL, NULL, NULL, NULL, '2026-03-23 09:16:37', 1, 1, 1, 1, '2026-03-23 09:16:37', '2026-03-23 09:16:37'),
(2, 'Normál Felhasználó', 'user@example.com', '$2y$12$p2AtCOYjfo3pss8fQx0ak.eNCAiZ9QGDzo946XbVnMCxxpzgnRY/e', NULL, NULL, NULL, NULL, NULL, NULL, NULL, NULL, NULL, '2026-03-23 09:16:37', 1, 1, 1, 2, '2026-03-23 09:16:37', '2026-03-23 09:16:37'),
(3, 'Főadmin', 'teszt1@example.com', '$2y$12$iHTWarzmWIN3KTyTYSIaleUfe9h.wiqHcVPUoGAUNQpH0vmVNPqGq', NULL, NULL, NULL, NULL, NULL, NULL, NULL, NULL, '0612345678', '2026-03-23 09:16:37', 1, 1, 1, 1, '2026-03-23 09:16:37', '2026-03-23 09:16:37'),
(4, 'Szente Bence', 'sneakershop2026@gmail.com', '$2y$12$CdShQ1PRLFgxNOmPEUK.derJhNiTRSn2IZivAt6iYV3nWm5KczaOG', 'ur', 'Szente', 'Bence', 'fdqfwf', 1, 1, 2000, 'data:image/png;base64,iVBORw0KGgoAAAANSUhEUgAAAw4AAAICCAYAAABm95qCAAAAAXNSR0IArs4c6QAAAARnQU1BAACxjwv8YQUAAAAJcEhZcwAADsMAAA7DAcdvqGQAAFKISURBVHhe7d0vcBxH3v/xvqdKB3zAOZVN5NIYnMhVBRj8ZGAtV9DGULvMYScvCZGIg2IikSOyj53ZrqEjFPGRgfUAgasK0QGPyiJO6c7gBE7AP5D97tNuzUz39Pzr2X2/qlJJVtLuzOz8+X6m/8zvPn/+/FkBAAAAQI7/MV8AAAAAABPBAQAAAIAVwQEAAACAFcEBAAAAgBXBAQAAAIAVwQEAAACAFcEBAAAAgBXBAQAAAIAVwQEAAACAFcEBAAAAgBXBAQAAAIAVwQEAAACAFcEBAAAAgBXBAQAAAIAVwQEAAACAFcEBAAAAgBXBAQAAAIAVwQEAAACAFcEBAAAAgBXBAQAAAIAVwQEAAACAFcEBAAAAgBXBAQAAAIAVwQEAAACAFcEBAAAAgBXBAQAAAIAVwQEAAACAFcEBAAAAgBXBAQAAAIAVwQEAAACAFcEBAAAAgBXBAQAAAIAVwQEAAACAFcEBAAAAgBXBAQAAAIAVwQEAAACAFcEBAAAAgBXBAQAAAIAVwQEAAACAFcEBAAAAgBXBAQAAAIAVwQEAAACAFcEBAAAAgBXBAQAAAIAVwQEAAACAFcEBAAAAgBXBAQAAAIAVwQEAAACAFcEBAAAAgBXBAQAAAIAVwQEAAACAFcEBAAAAgBXBAQAAAIAVwQEAAACAFcEBAAAAgBXBAQAAAIAVwQEAAACAFcEBAAAAgBXBAQAAAIAVwQEAAACAFcEBAAAAgBXBAQAAAIAVwQEAAACAFcEBAAAAgBXBAQAAAIAVwQEAAACAFcEBAAAAgBXBAQAAAIAVwQEAAACAFcEBAAAAgBXBAQAAAIAVwQEAAACAFcEBAAAAgBXBAQAAAIAVwQEAAACAFcEBAAAAgBXBAQAAAIAVwQEAAACAFcEBAAAAgBXBAQAAAIAVwQEAAACAFcEBAAAAgBXBAQAAAIAVwQEAAACAFcEBAAAAgBXBAQAAAIAVwQEAAACAFcEBAAAAgBXBAQAAAIAVwQEAAACAFcEBAAAAgBXBAQAAAIAVwQEAAACAFcEBAAAAgNXvPn/+/Nl8EQAAFPfpzTv1n//9p7r+cKmuLy7V9YdLpZRSS/eW1dLKsrq1/if11bcP1dK9ZfNPASB4BAcAAEr49Oad+vdPJ+rq5Mz8UaZb62vqq2/X1a31NUIEgM4gOAAAUNDVyZn6908n6tObd+aPCrm1vqZWng8IDwA6geAAAICjq5Mz9fHlUaHWBRvCA4CuIDgAAGDh0x2piKV7y+r+358SHgAEjeAAAECGugOD7s72prq7/Y35MgAEg+AAAIDh05t36uPfjmazIjVl7egHWh0ABIvgACBIMq2l7g//70/MQoNaXTyblB7wXMbtxw/VyvOB+TIABIHgACAoVydn6uLZJPdOr8yJz3SWqEKT3ZFc0OoAIFQEBwDBuDo5U++fvDBftiJIwEdb3ZFsVp4P1O3HD82XAaB1BAcAQfANDWkIEshy/eFSffzbUavdkWzorgQgVAQHAEE42/yx1ju/t9bX1K31P6mvvn1IkFhAoXVHsvnzP/5qvgQArSM4AGjd9YdLdbb5o/lyrQgSi6FrgUEwzgFAiAgOAFr38eXP6teXR+bLjbr9+KH66tt1tbSyTME2B0Idv+CK4AAgRAQHAK17/+RFUHeECRHd1fZ0quL244dqaeWP6vcry+ri2cT8sdX9V0/VrfU182UAaBXBAUDrQgsOOgkRFHHhujo5U//+6aTVwHBrfS1zML7P+B1mVgIQIoIDgNaFHByEjIn4w/oaISIQIYxfuLW+pu5ub+buEz7B4c72prq7/Y35MgC0iuAAoHUhjHEoghDRrq4EBkFwADAvCA4AWufytOhQESKac3Vypj6+PGo1MPh0XSM4AJgXBAcAQehaq0MaQkQ9QgkMd/+yeWP8ggufrngEBwAhIjgACMbHlz+rTz+dFL47GyIJETwnwl8IgeHO9mbp75DgAGBeEBwABEfm4FfTh8N1nfSHZ3pXN20HhqV7y+ruXzYrm9XIZ4pYggOAEBEcAATr6uRMvX/ywny5s27lTNmJ9gNDkQHPRRAcAMyL/zFfAICuuP34YeVFXp1kEPjZ5o+dHQxeBwmIPl16qnD78UN1/9XT2h66xvcMYF7Q4gAgWLYWB/0hWVfTh4BdnZx1qlBb5G5M1x8u1cWzSSthQZUc8FyETyDiAXAAQkRwABCs6w+X6mzzR/PlmazuHFKkfXx5pK4vLjsRJBapG9P1h0v18W9HhbvvVKXpopzgAGBeEBwABMsWHG4/fqhWng/Ml2+4OjlT/zk5U1cn/+xEkGjqTnjT2gwMVQ94LsLnOQ51dZsCgDIIDgCC9svX35svzdxaX1P3Xz01X7bqSpCYp25MPgOEq9BmYBAEBwDzguAAIGh1BAeTBIlQnyGxdG9Z3f52vfTzBNqwyIFB5O3DWdaOfujcdw1g/hEcAATNdrf2z//4q/lSKaGHiLqmDK3apzfv1MWzifly7ULcPgQHAPOC4AAgaLbgUGeBFfJMTbfW19TK80Ft6+5LppxtenuFGBiUwzidLFUHYgCoAsEBQNDaDA66UENEKAHiqqWHt4UaGATBAcA8ITgACJptKss2BpFKkRzSwOo2Z2JqYxxD6IFBXFmeRZKF4AAgRAQHAEGzBYe257sPLUQ0GSA+vvxZ/fryyHy5Vl0JDMJnrMfSvWW1dvSD+TIAtO5/zBcAICS2Avg///tP86VGycxOa0c/zFo/bMtcp09v3qmzzR9rHWcgn9FkaJDt3EYLEwDgNwQHAKiIHiJWng9aLXCluP/05l1lAUK63dQZSkxdDwz/vWhmOwFAEwgOADqtqQK2qNuPH84K3tuP23v+wsWzSekAcf3hUr1/8sLabaxKS/eW1crzQWcDQxlLK+3sKwBgQ3AAELSllT+aL33hOvA7uremsx7d//tTdWe7mbEHaS6eTdT7714UDhAfX/6szjZ/bCwwqOm4lbWjH1oduwIAuIngAKDTihTBbVq6t6zubn/zxViIpl1/uHQOEJ/evFO/fP19o+MY7mxvqj//469zFRiuL/5lvgQAnUVwABC03zt028grgEOk99tvoxuTBAiZRlXffvo4hqbcfvxQrR39oO5uf2P+aCE1vT8AgCumYwUQNJfpLJt6CFxdrj9cqo9/++3haW2EoFvra+qrb9dnD7hryu3HD9VX36630vrSFJ9xIbcfP1QrzwfmywDQOlocAHRe6OMcbGQgsMzG1HQIujo5UxfPJoULXF/S4tL2zFOhso3rAYC2EBwABK3pIrpt0m0nhGdCVG3p3nKnp1YFgEVHcADQeW1076nbbBzE39sZB1E1aVFZtMDQ9dYwANARHAAgYG13YyprHmdKqpvLhAAA0AaCA4CguTwMa1GezivdmLrQAsFMSQAwfwgOADpv0ebK1x+QFlqA0Ac+h7ZsbfDpRsd2AxAqggOAoFFEZZMnUocQIBj4DADzj+AAoPN87urOCxkD0WaAuLO9uZADnwFg0RAcAASvjWK4ayRArDwfNDYQ+db6GuMYcvgGWpdxPQDQBoIDgM5jysv/c2t97bcWiBq7DOndkgh1ALA4fvf58+fP5osAEJKzzR+td2///I+/mi95k8+6Ojmbzdh0dfLP3352cXnjjrAUz3/4f39SS/eW1dLKcjAF9dXJmfr48qiyp0I32aLRddcfLtXZ5o/my1ZV7ssAUCWCA4DgvX/ywlr4rh39UEmx/unNO3XxbGK+XJgsy631tVmgqKsFwEXZAHH78UO18nxgvjzXrj9cqn//9G72/199W2wMCcEBwLwhOAAIXpPBwaV1w5eEhz/8vz+1dtf+6uRMXTybOK/jrfU1dXd7s9XQ0zQJDL++PPri9aV7y+r+3927Z12dnKn3T16YL1sRHACEijEOAKAxuyFV6frD5axF45evv1dnmz+qjy9/Nn+tVrfW15xCgD6OweX358HHlz+rs80f1dnmjzdCg5p+f++/Kx4EinANJQDQBoIDgOC5FFNVDZD+6tt186XaXH+4VL++PFJnmz+qi2cT9enN/3WLacOt9bVZl6RFmV71+sOl+vjyZ/XL19+rX18eWVtirj9cWlu/AGBeERwAQHP78cPZU5mbKpz1lggJEU0Xp9K6sCiDn68/XM62d1rrQp5//3RivpTKFkIAoGsIDgDmQpVF2pI8VO3VU/Xnf/xVrR398EVRfWt9zakVxIeEiPdPXqizzR9raYWoclt1ibQuSHekOrZtWXV2lQOAsggOAGAhg5qlG8/9V0/V2tEPs39Wng/UnRoGEOt3xeseCzHPYUIPDC7dkWxcu7PJVL4AMC8IDgCCt7TyR/OlICzd++15DbcfP1R3t7+ZBYqV54NKQ4Q+FqLuADFPynRHylJHQASAriA4AJgLodzdlSChh4iqxgxUFSCqGkgeqquTs8q7I8nYl7vb35g/qlRdXeAAoAoEBwDB+31H+31LiJBZiu6/eqrubG+WLg6rChC6UIJXGdId6f2TF6W7I6np93dne1P9+R9/VSvPB6W/NwDoOoIDgLlwffEv86WgyDiJu9vfqPt//22gddkuL74BooqiOhQyfsF1OlUXEhjKtjD47JOhdssDAEVwAIDm6d2Zqg4Qvl1zfIrcNpkDnqsgs2mVDQwAMK8IDgDmQhV3mtugj4coOxZCHwzc1e1hU/WAZ711oYrvAADmGcEBQPAWoW+5frf7zvam+eNCrj9cqvffvUjtvtTVQFH18xfM7kh17GM+27qr43kALAaCAwAEZOnesrq7/U3pAHH94VJ9cnzCsfIscutW1/gFuiMBgB+CA4C5MG9TjFYRIK4/XKqrkzPz5eBVPX5Bnx0p9O5IdbR8AEBVCA4Agre0wN039ADhM4i6irv0Tal6/MKd7c3Z+JE2WhfmLcwCAMEBADpg6d7ybBamInelzd/NKmazXm9CleMX9NaFu9vfeIUtAEA6ggOAudClO+tl3H78UN3/+28PkrNZmj47IkRVjl8wZ0Zqo3WhKovcugYgfAQHAOgYvftSXn/9lecD86VMZQr3Iqocv9DEzEhlNLVNAaApBAcA6CiZIch8iJx0awqpteH6w6V6/+RF6cAwT60LaUILPwCg+93nz58/my8CQEiuP1yqs80fzZdv+PM//mq+tFCuP1xaC8+rkzP1/skL82WllFJrRz9Y/76oq5MzdfFsUvru+9K9ZXX72/VOBYVfvv7efMlq0fdhAGGjxQHA3ChbnHadS9Hf1DaS7kjvn7zw/swuty74rjMAhIzgACB4LgUxwqCPX/AtnkMfu1CXRVlPAN1FcAAAKFVySlbpTlYmMHS1dQEAFgXBAQDgTR/07BMYpHVBnrswL3fdy4QwAAgVwQEASpBnEfzy9ffqbPNHdfFsoj69eaeuTs7MX50r+rSqPut6a31NrTwf0Lqg4RkOAEJHcAAwN5q+y/vpzbsvpha9/nCpPr15py6eTdT7Jy9uhAmfO/Ihujo585pWVW9duP/qae4zKAAA4SE4AICn//zvP82XbtDDxNnmj+ps80f18eXPXnfpq/DfCsJV1nSuabo8M1IZ8xISAUBHcAAATz7F4fWHS/Xry6PZuICLZ5PWQoTJZX1cfkfCgt4VaV7GLtSJbQQgdAQHAHPDpait0srzQaliT1ojJER8fPmz+SvBWbq3nPpEagkL9189nYUFuiIBwHwhOACAp6V7y+r+35+q+6+eqpXng9SC2pW0RITWCpFm5flA3dneVLcfP5yNWZCwUGYbzBOfLmFLK380XwKAoBAcAKAEuQN/+/FDdf/V01kRvfJ84HXH3WyFCDFALN1bVne3v1ErzwcLM2YBAEBwAIDKLd1bVrcfP5z18S8TIkIOEACAxUJwAIAaVREiJEBcPJs0Po4DAABBcACAhpgh4s72pvkruT69eafef1cuQFxf/Mt8acanX35oPr151+p0tyJvO2f5PQ+AAxA4ggOAudGlwlfGCUiAcJ2daTYG4jv3ZynMu+vpU6x/+fp7dfFsMpvutguzVAFAlxAcAKBFEiDu/73YzEwSIBaVhAV5qF7aU6x/fXnUWsuDT4uQa3gEgLYQHAAgANKNSaZ2dSkiu9TCUhU9MPz68shaoP+npeAAAPOI4AAAgbn9+KG6//en1jEQi9In3qV1AQBQP4IDAATIHANhkmdHVMlnQG+dirYupPnq22q3EQAsMoIDgOC5FoyhFb5V0APE7ccP1dK9ZXVne1Pdf/XU/NW5cf3hUl08m5RqXVi6t6zuv3rq1OWrDtce3ciWFqQFCUB3ERwAoAOW7i3PpnGd16c1692RfAd+69vJdaA5AMANwQEA0JoquiMprYVBWmba5rMebbWOAIArggMAoHF1BAZaGACgXgQHAFggvgV6VczA4OvW+ppaO/qBwAAADSI4AABqV1VguLO9qdaOfmh14LONTzgLdV0AQEdwAADUporAIDNJ/fkff1V3t7+hyAaAlhAcAMwNnzu9qEdVgWHeZ5ICgC4hOAAIns+c+GhHFYFBuiOFMkMSAOA3BAcAQGllA8M8dUfyCbo8/A1AFxAcAADeygaG248f0h0JADqC4AAgeIxdCJNvYNBbF1aeD+auO5LP/trlFhYAi4PgAAALxKcbjenjy5/VL19/XygwSFiQsQu0LgBA9xAcAATvvxUUu7Cz3Sn3aWEwZ0ZahDvr7K8A5hXBAQCQ6+rkbBYYbOFCGV2RmBnJzdLKH82XACA4BAcAQK73T15YAwNdkQBg/hEcAMyNKvrv40t5gUHCwv1XTxeqK5LN9cW/zJcAYC4QHAAEr85C7NObd+rq5Cy3QF50t9bXZv+dFhb0n8PP73mOA4AOIDgAWEjXHy7VL19/ry6eTdT7Jy/U2eaP6v2TF+rTm3eECI0Mbr7/6ilhwRH7D4B5RXAAELw6CrF///TOfEldnZypi2eTWYj4+PLnWj67TT7rs3RvWd1aX5vbsOCzTQBgEREcACykTz+dmC994erkTP368miuQ8Qi+/TmnXr/5IX65evvZ99xm98vY0MAdAHBAcBCuv3tuvlSprQQcXVyZv4aOuDTm3fqbPNHdfFs8sV3eHVypt5/V014YJA+gHlFcAAQvDoKsbvb36iV54PCd3olRLx/8oKWiI749Oadung2mY1pyfq+rj9cEggBIAfBAcDCuv34oVo7+kHdf/XUq/++2RLBwOqw6K0Ln97cHNOS5j//+0/zpcJ89oElZlUC0AEEBwDB8ynEiri1vjabNej244eFWyFUysBqpnhtj4xfyGtdyMITnAEgG8EBAKZura+plecDtXb0g7qzvekVIJT0l58WriG1QoSyHHXRt7tPl6Nb62utPfHad18DgCYRHAAEra1i9+72N6W6MamMVghU7/rD5WzMie82lmdVlNXW/goATSA4AECOKroxKe1uOGMhqiXBrExg+PM//qpuP35o/ggAYCA4AIAD6ca08nxQOkBcPJsE142paz69ead++fp750HPppACg+++BABNIzgACFodU7GWIQHi/t/Lt0BcPJuo99/RAlGEdEu6eDYxf+QkpMAAAF1DcAAAD0v3lmcDqcsEiOsPlwQIRx9f/uzdLYnAAADlERwABK0LhbQECJ8HygkJEL4zArkIrfXGlYwP+fXlkfkjKwIDAFSH4ABgbrT9EC15oFyZAKEPou5CaKrbxbOJ12xJXQoMbe+3AOCK4AAgaP/t4F3yqgKEPPV4EQOErH/Rwc9dCgwA0DUEBwCoiQSIMg+T+/TmnXr/XfE77l3m0+ISSmDoancwAHBBcAAQtKuTf5ovdc7d7W9KzcKkzyRUpJjuGmllKBKS7mxvBhEYyvDZJwCgDQQHAGiAzMK08nzg/STqeW59KNrKIK05d7e/MX8EAKgJwQFA0OatSJYnUfuOf5DWh48vf3YusoXt99voZlO0laHs9qubbRunWVr5o/kSAASJ4AAALbj9+OGs+5KPX18edbrrkgQg11aGpXvL6v6rp+r+q6feLTZN6OJgfgBwRXAAECyXglIX4h3oPHr3JZ9lvzo5U++/cyu8Q/LpzbtCrQzynIyQA4OYhzE5AJCF4AAALZP++j6tD9cfLr2mLW2DPsjbRRcHPruGIQDoIoIDgGAVLcK63le8TOvDxbOJ+vjyZ/PlYHx8+bNzK0NXBz77tvz8ngfAAegIggOAYC1if/EyYx9+fXmUW7y2sT2lleHXl0fmj24IfeCzzb9/8mv16eK6AlhMBAcACEyZsQ8ud/Sb4trK0JWBz3muP1w6haM0XV1nAIuH4AAgWNcX/zJfWig+rQ9Fg0YdirQy3Nne7MzA5zyu4zZMIXxfAOCK4AAgWHndbtLMY19xaX24/+qptchcurfcegHu+lyGro5jSPP+yXw+lA8ATAQHAMGiGPs/t9bXrDMv3f3LpvlSoz6+/Fm9f/LCfPkL0i3JpxtWaFxDUp7b366bLwFAsAgOAOZG1wtRF1mtDyvPB7mhom4uXZPmpVtS0YfX5fnq2/a+MwAoiuAAIEhlC7J5Jq0P9189VWtHPzg/66COMSNSROfddZflnYduSa4Dvl0s3Vu+EQABIGQEBwBBum5h6tCuubW+1mrhaeuqo8+W1OZyVkGedm1rVSmCbkoAuobgACBItDiETVoassxLtyQJDBfPJpXuk0v3lueiBQbAYiE4AAiSz8PKluZwVqVQZT3sbF66JUmXpKoDg2h7IDsA+CA4AAAK++rbh190P7r9+GHnuyVdf7hUF88m6pevv7c+hbuM248fOo1JAYDQ/O7z58+fzRcBoG0Xzybq05v0u9pZpM//0sof1R/W19TSCoNPdbZtunRvWa0d/WC+nEuK6y5v56uTM/Xx5VHmWI0q3VpfU/dfPTVfBoBOIDgACJJtpp4ipJ/9rfU/LXSgsG1Tn+DQZZ/evFP//ukkd5tUidAAoOsIDgCCdLb5Y21dRZQRJmQu/XkPEwSH33x68059/Ft9XZHStP2cDQCoAsEBQJB++fp786Xa3Vpfm+tWiUUPDm0EBqWUuv/qaednlwIARXAAEKLrD5fqbPNH8+XG3VpfU199u9768xKqsqjBoa3AcPvxQ7XyfGC+DACdRXAAEJxQgoNuHlojbN2/5i04tBUYbq2vqbvbm7QyAJg7BAcAwQkxOJikOOxSiFiU4EBgAIB6EBwABMlW5Ibkzvam+sP6WvAFo22bdj04EBgAoF4EBwBBshW5IZLuTObD0UJhG3De1eDQVmC4/fjhbAwMACwCggOAIF1/uFTvv3vReDFYlRAHVs9bcCAwAECzCA4AgvXx5c/q008njReGVbuzvRlEK8S8BIemH9wmCAwAFh3BAUDQrj9cqotnk8aLxDq03Re+68GBwAAA7SI4AOiMq5Mz9Z+TM3V18k+llFLXF5edbI1oqxtTV4MDgQEAwkBwANB51x8uZyHivxeXnQkWS/eW1d2//NYCUXeAuHaY4ja04EBgAICwEBwAzDUJFdJSEWKYaCJAdCk4tBUY2u5KBgChIzgAWDh6l6eQgkSdAaILwYHAAABhIzgAwDRMSNHadpCoI0C4BAellPrzP/5qvlQ7AgMAdAPBAQAM0iLR9lSwVRa2IQYHAgMAdAvBAQBy6N2ami5wxa31NbXyfFCq9SGk4EBgAIBuIjgAgCPpxtRG0aums/3c/cumV4BwDQ5rRz94vb8LAgMAdBvBAQA8tDkmYuX5oPD4h6uTM/X+yQvz5RvqCA5XJ2fq48sjAgMAdBzBAQBK+vTmnfr4t6NGA0TR7kttBAcCAwDMF4IDAFRECuUmp3i9s72pvvr2obXYdw0O9189LV1wtxUYlu4tz1pjAADVIzgAQMWa7sbk0vrw6c07dfFsYr58Q5ng0GZguPuXTXX78UPzRwCAChEcAKBGH1/+3Ni0rnmtD3UGBwIDACwGggMANODi2aSRFois7jofX/6sfn159MVraYoEBwIDACwWggMANKipAGG2Plw8m6hPb96Zv3aDS3BoKzCo6YxSBAYAaAfBAQAadv3hUn3822+Fd50BQh/78P7JC6dCPy84yHK7BJCqERgAoH0EBwBoSROFuHRdcplRSWU8ObqJ5cxCYACAcBAcAKBlVydn6uLZpNbWB1dmcHDt4lQ1AgMAhIfgAACBaONBcrqle8tq7egHpQoMpq7ane1NdXf7G/NlAEAACA4AEJA2uwXJbEUu07ZWjcAAAOEjOABAgELqvlQnAgMAdAfBAQAC1uQD5Jp0+/FDtfJ8YL4MAAgYwQEAAjdPrQ+3Hz9Ud/+ymfp0awBA2AgOANARbc1wVAUCAwB0H8EBADqk7ZmXiiIwAMD8IDgAQMdcf7hU7797EXR4uP34ofrq2/XMp1ADALqH4AAAHRVi16Vb62vq7vYmgQEA5hDBAQA6LJSuS7QwAMD8IzgAQMe12XWJwAAAi4PgAABzoslnPjDoGQAWD8EBAOZI3c98IDAAwOIiOADAHKp67AOBAQBAcACAOXbxbKKuTs68A8Sd7U11d/sb82UAwAIiOADAnLv+cKn+/dM7dXXyT3V1cmb++AYGPAMA0hAcAGCBXH+4VNcXl+r6w6X678VvrRC/X1lWS/eW1dL03wAApCE4AAAAALD6H/MFAAAAADARHAAAAABYERwAAAAAWBEcAAAAAFgRHAAAAABYERwAAAAAWBEcAAAAAFgRHAAAAABYERwAAAAAWBEcAAAAAFgRHAAAAABYERwAAAAAWBEcAAAAAFgRHAAAAABYERwAAAAAWBEcAAAAAFgRHAAAAABYERwAAAAAWBEcAAAAAFgRHAAAAABYERwAAAAAWBEcAAAAAFgRHAAAAABYERwAAAAAWBEcAAAAAFgRHAAAAABYERwAAAAAWP3u8+fPn80XATQnSZLZv5MkUefn57Ofra6uqiiKVK/X0/4CmG9yLJjHg5oeE8Ph8IvXAADNIDgADUqSRE0mE6WUUsfHxyqOY/NXUkVRpAaDgdrd3TV/BHSWhIPj4+NCx4NSSg2HQ7W1tUWoBoAGERyABuzt7anJZDJrXfAVRZE6PDxUURSZPwI6QwL03t6e+aPCdnd3CdQA0BCCA1CTKosjXRRF6uDggDut6BQ5HqoI0KbhcKgODg7MlwEAFSM4ABWrqnUhD+EBXVFXgDYRHgCgfgQHoCJxHKvRaFRrYNARHhCypgKDjvAAAPUiOAAlJUmiRqNRoYGdVWkqPMgg1ro/B/Nhb2+v0cCgW8TwkCQJ454ANILgAHhq445qmrrDQ5Ik6sGDB0pNP6vX6zGbDVI13eqWZVHCQ5Ikqt/vz7a3HJtMVwugLgQHwEObd1TT1Bke+v1+amsKU8RCtNHqFkVRbkBZhPAwGo3UeDw2X54dm4PBgJYIAJUiOCBIcRyr/f39WWEQykXQvMNXJ7n4q+n6q2mhkFWc1TFVaxzHqt/vmy9/gVaIxdZUiI6iSEVRpDY2NtTGxobq9XrW/XPew8Py8rL50hc4NgFUjeCAoOTduWz7Ilh3gaQHhay7+Fl3/0UURer09NR82VvWHc0stEIsjiZCtOxPEhRMtuCglFKHh4epf9t1Rc9HHJsAqkBwQBDyAkOa4XCodnZ2Kr27nqfoRdqVXMxdW1MePHhgLdSqLJRsdzSzUKQUI+NlxPn5+ey/Hz16NHttdXV1FqDbZguxvnq9ntrY2HDad8bjsRqNRubLX+j1eurw8NB8ufNczgVpODYBlEFwQOt871w2eQH0vUhn6fV6amdnp1AB6HJ3VVUYHFyKMpt5LdqqIGHBN5BK150oihoN0aqifUPneyy7tIjNY3elKrZ/1a2TaZI5nu1pntcNyENwQKtci+E8UQ19+02uLQ6RZcDm7u6uc+uCyaVYqLJIqiosVRVk5onLfi/7iISD1dVV81dmihbcZRUJ+3nHhG9gEC776Dzuf1W19hwcHNQyA9N4PFb7+/tKTbe/z/kuVDL+Lo7judy3ABuCA1rjUgi7auruWZHuVLrd3V3v4ki4FAtVfI7w7aZkotXhJnPbSgE9mUzUzs7OF8VckiSz7/38/FwdHx+rZPpMjTiOVa/XU8n0ORvyXvq/ldbdqcoisUyLSTRtJSmzPK7nj8vLS/MlpbSJBnq9nnr06JGKAukC5sLcf3zVdWzq56oqb2aEQL+J1MR1BwgNwQGtcL3oF9HU3Z84jtXr16+VmhZPUsSldZmoqpB3uUOtKryDWOX3U/fFtd/vq4ODg87c1Uzbtnn7bhzHKooi79CqK3uHP40Em7dv387+f2NjQ00mkxutAVUEBuHSTSmvMM4qviVArK6uZg7KblPa/uOrrmPTvMkhrQ5xHFfy3bclSRK1v7//xX4nwWhvb6/S4woIFcEBjaviwldHAVSGBIh+v1/LsrkUSUopdXp6WkkBbV74y8orjMuQfSnrrnKIzG3rckfW/P6luNVbGtJk/ayq/cRG1rXKwCCyCn9d1rYteg6KGugO6crcF8qq49g0v5vhcKi2trZUv9/P/E66wjx+JXwtLy/XFsSAkPyP+QJQp3j6ZNkydnd31enpaaWFeVnRtB/66elpLcvmUsQPh8PKChuXzyvi+PjYfKkSb9++rbQYbYK5baUbUR4pvnd3d9Xl5aU6PT1VBwcH6vDwcLbPpf1zeXn5xe9LC1hV+4nNwcHB7POr/J5cC+etrS3zJS/SLSsEruvuSlpPq2TuX7L/yn9LK1UXmesm4T2ajuWJ47iz6wa4IDigMbFjd5s0UpgfHh5WXpRXRZaxauPxOPPOsc6lAHVRdWGiagwOcRxXVhw2wWfbSqElhb+PKIrUcDisrOucqzqOB6XUbOCtTdaddH26W1c+f1M1n/3HpuoiN60VTP9/+bnrdxiatO1lrl9X1w1wQXBAI5JpNx4fEhhOT08zC4F55npHsKo7utJXvUpmIVGlru8TtuU/Pj5Ww+HQ+nuLwjVIV3U8CJfPrFsd4SWt0K/b/v5+bZ9Z1/uKtDCsf6Y+1qdqElrqeG/AFcEBjSjbPSntZL0IxuNx6h0uU5VFksvnFZXU0DUhns6IoywX0vF4rPb29tTy8nItd2yLSAtlecuupsViVa1J88A1SO/s7JgvzfgU4LbvqQk+y+2iiXXT78JvbW3VEoSTjGcrjEYj1e/3Z+NDypwH0raVflwnSaK2trZSf68s2Wb6Ou7t7VW2boALggNqt7e351U09nq9Wf/oReVaJFXZXaeOC56qobtSMu2+I/+d5fXr115ThjbF9h1nFUOLyLX/eJXjfUJSV1FY9bGZRl/28/NztbOz4/RdFpH2nff7/dkNmPF0UPxoNFIPHjwwf9VJ2meYrWC9Xi/196oWx/Hs+mquW9XbFhAEB9RKTmxFSfekRT75ubY29Hq9yu7e1VWYqBqKE72VJS846NuwiYt5nrzlzEJw+D+ufcfnsYXG5Vzgq+pjMxR5QdP3nGk7huXntt8rK8np/ptMpwgH6kBwQK1cL/QmuZO8yCc/251oUWVrQ11dIVQDF1KdhC4ztIZYgOc9EVoRHGZcg7SquOteKOo8fqp8b5fv6Pz8XEUNPHAvr4us73nTZVu1vW5dnu4W4SM4oDa+XZSanC4yVEWKpCovUF0KDvJ+sTbVo3j9+rU6Pj6+MYWm+XtNc9kG+u9w5/D/uAbpeQwNKmN8TFWSCscguSyny3FQVr/fz/wc32dXuLTIZn1mlfKurcPhcG6PAYSB4IBaJEly426vi16vpzY2NsyXF45rkVR1X9qsi1FVqnx/We+0O/JxHN94crFPodCErBYH6WZhrtsiyutyYvK9k2zT9vfguv7IL6x3d3eDPRe4iFNaUkWv16O1AbUjOKAWec2oWWRcw+vXr1u/SLepSJGUN3OMj7rvltXRl1q6PZjMdUn7naaZyyT01+W7r2NbdZVrl8cqx/uEJmvfqUqT+1ud62IrrJt4jkmd65d1bZXrJ1A3ggMqV6Tw1R0cHKjxeLzwd0xciyRV8V10l2b4suooTgaDwRf/38R6VCmKIhVPH/Kmpl09pDhw6fYx74qcT3xbG0KfhanOQlRUdWw2saxZkiTJLKx7vV7pwtq1K2dd2yCv+9WiXzfRHIIDKlek8BXSJ3PR+2YWKZKavFAMh8Ogn9qtphdVlXNxz+oS1JSsC76ahge9cHXdBxZBkfOJ6/lD3xd6vZ569OiR6vV6uX+f9/3VLW9/GA6H6vT0NHfZXTS5fkmFYyp0WaFBNXy+rGNb5nW/8h2zAfggOKBSRQb16lZXVznx1VQkucq7uy0PbMoqyl3VcUFVxn6XtYxtB4cskTEDSzJ9ku9kMlFxHAe73E0ocj7xPR52dnbUcDhUjx49UltbW0G2PGTt01EUqUePHlWyzLLfdZUU1mnrcHh4WMk2cpX1ffmKp92v0tah62M20D0EB1TKdVCv7uDg4EZ3k0XkWiQNh8Na7vynffZwOPyi33ja7xRRZXEi7xNF0WxczN7eXue6KqmUu4m9Xq+y7dRlrueTXq/nNd5HD21SlDV5Z9pVWiHa6/XUYDCYBaayx6aqMdinqeKz5HwihXVaAX1wcJD6ep3Svi8fso1Go1HqOaHX0JgNQEdwQGXiAt1shF70LTrX1obV1dVaLhbmRSmKIrW1tTUryLLu5hVVxXuo6fJJ2EqmMyvlXbBD3seOj49nxY0UQvLfi8o1SO/u7qqNjQ2v71cvKPWAHBpzO8ixqd9wqWJfCeU9XMlxv7+/r3q93o3tVPXUpHnnl6rF0xnVsh7y1qtgzAbgg+CAyrgWvrokSbzuFM6b8XjsdME9ODiopetK2gVX+s3qBa2NS/Hm8j6uZJ+T9zTXQ+eybE0ZaoNxoyiaLX9SYYtM17mcTyQs1hGkTW1+L/pnR9PZc/R9KG+/L6LJwrisZPqMk9FolHrTqtfxqUklCMk5QV8/2QeANhAcUBnzxO2ijWbkELkUSVLEV3kHTZhFkW+/aZcuZ1UWJ4PBYDYgUi/A0/isT5X0ZXv06FHqtkpSnklR5fbqiiJBusyNh0ePHpkvBcfsejcYDG7sIy7byuW8UdXMSi5c9uus9ZLjRH5uXkPaLqyzltuFHhJev36dun93ORCh+wgOqIR5cXNlnvAX0d7entOFZmdn50bBUBVzYHTa92L+ji6azgq0sbGhepaH0lVZnOjFR94+mLY+bZI75UL//l32hXlXJEjn7WtZpNUutP0ijXncpQVOlyJcpqqVY7UNRT837ff1LpPSjce8adV2Ye17DCdJMut2JTdEzJmimEEJbSM4oBIuF3qT3tS+yLIeVqSTIqku5oU37Xsxf0cXRdEs2CQNdbeJ4zg3LOjS1qdp+jaR5QlhuUJTJEj7iqIo9fzj8rlNM487fZnlZ3nBIYoitbu7q6LpQPC84zPr9aqY27sovbBW2rN/dG0V1rJ9y9jf35+FnoODgxvfPTMoIQQEB5Sm3wEqwvdhTfPEJTSokkWSjdktxOzSIBcv23cshZjt92w/d6UXQjZ1jAupg8u6zDuXY0Jm+/IlQddUtrCtmnluNY9NYRaYylgXCQ42de9/+jL4HJOTyWTWBSlJkhsDh0Pp+uqyrU1j4+Gn5sPeesyghEAQHFCa65SJurrvoHdFE0WSjdkVwgx0x8fHqYWJefdLLnK2Za2qOJFBkV0ly25bh6q2VxeY3TLSZBX9RUQtdtcpwvzuzTEZx8fHKklpQUg7Z5i/k8X194oyt3fR60aSJF8Uzua+0qtp/JcPn22ob5+06ZnbHLMB6AgOKM1sKnZR9sI/D8wLX5rDw8Pa++vqFyizuV2+27QL4erqqtrY2Jj9v1z4zAIhja1YdiHv4fJ5IUrbpmaIWyRJkljPJb1eT52entb2nds+v2nm/mAWxufn56n70aNHj2Z39PXjUj9es6S9XxWSJFGrq6uz5Sn6Ofp33u/3gyus9TCaFuZs5LwbT59JIaIoqv0aABRBcEApPhdaszhdRLFD//y0u4Z10C9waYFuMBik9qHWl02/qPt0QSiqaPBoYpmK0Lt/2QJk0QKkq2zbQWXsn/NM38/N4nE8HqudnZ3U/aPX66WGBJfjIO39isj6+6rCXmxMvRq1PIOScmhldZVkdL+qatsBVSA4oJSizc1qAS/+aVwGk5uFQh308KLfMdMlSZIaHPQ7mHqx4FKclJ1ZKas4CZm+bfXv39zmWd/DPDOLwTRm17h5Z961ztonso7NtN+X19J+JtLeLxRxHKcW1k3JOu9kve5K/t4Mz6GM2QB0BAeUYrvYpzGb2xeNS5HUxh20nZ2dGxepKGOws3yHUoC4FDhV0rtwpC1f6MztrKbrYWuFmle2IB1NZwaqU5LyDI026eeItNAURVHqecT8vbRjM++YKRvqs+R9piuzsG5rBiVT2rqlvZZG9ru07leLfq1EmAgO8OZT5HAitBdJvQYHjusFeFrRlLUcZqtCVrelLGWLk7SCKY/LMrUljuMvikDzTrNrAdJV4/HY+n2GcFe5afqxaR5v4vz8/EYLgd6qIP+kyXq9qfV3/Rz5PXOWobQwFZq0dUx7zTwGegGM2QCyEBzgzRy458KcFWTRmBeINE125TIvVqY4jlUvZcpTfeCl+fOsgkRnvl/dXJapSWn7gFkALgpbkG5qrE/I+0ja+kdRlBoo9HNsZLQYyvGqco7BrNerom9nswUhjbTQmtuj7hYoH/r38fr169Rtqa+/rJO5HZoMykBRBAd4Syt+bNIugIvEvECYmiqShFzYslqCkmkzunkB1JfRnL5VaT/PKsYSj1lHRJm/DUXadjk/P099fZ65POwtbf9aBLJdsp7BkBXq9WPT9yaEz7ldOYSOtKCjf5b59+PxWPV6vVbHNejM5dOZ31Ecx1+0rJp/mySJ6mlPiBaHh4c33gsICcEB3swToU2v11voE6J5gUizs7PjfdEuSrqaDYfDzAuxfF/md61/j71e70Zxl/V3uryf5fHZPiHsd2WWwXdbhSxJEutzTLIC7byTfXw4HKbeWZf9IS3Um8emeSMibbalJkTTp3XrxsbDJ/VlT5JEDYfDG+fNUAvrtJCmtyKayxxF0Y3nNXSh+xVAcICXJou3ZDpodG9vT+3t7Tl19wlN7Dj96mQyMV+ujXQ1y+s+1uv1bmxr8+KfVhCk3Vk0mQWPK5+ZvEKSVRjEnk9g7yqzIEyztbVl7cpUNd/zVJVkP8g6NvVjTt9n0vYt86aAS3DwHYNUdP/t9Xrq/Pz8xjlGBVpYF1m/tFCni43nNfQC7X4FmAgOaEzWRVCnh4R+v6+Wl5fVgwcP1Gg0mgWH0Wik+v2+evDgwY0LS6hcip+dnR11fHzc+IXR9nnmxS8rFCRaFyIpTvIuhL59+rvwfeeJU2bV0rddmryfdVHaNjDt7u6q169fp97JrVvb4UFCve3YNG9G5C237EPyO3Ucm0X30ziOc2+WdKmwNtddbgRktaqZUzIzGBpdQXCAF/MkWZacYPWQYCss5G/0EBEilxaSw8NDNRqNGi2SZJnyig2VMgg+KzhE2gwutvdUnsWJWSi5cFmWJshyUCDYg3SkPSPEVjzPs6L7bt7NGfO98o6/qs/vKuc9k2lff5PeIhVCYZ21/HmSJElt4TGvCWarEBAyggO8mBchF+bFQQp/aVUoU/jrwaPM+9TBViTJdolaeKK22cXIhcsyuuwfPhfirust+DgflVI0pTk4OFD7+/uNBmmhB+C2xNOBzzZmqHf5G1m/1dXV1tdTZZwrEuOZJl0urNPWT+9u2Xb3K6AoggO8pJ0MbeRvxuOxGo1GtRT5oQUIc/BfmiiKGm9tUFrhbls+s8hL++7T3kMuhlVeFM1CyUXa8rYlbTu58P27ENmCtJqubwgFfJsiSx955XhspomiKHcWL9vn+nJ9X30f6Uph7bpuenAOvfsVkIbggMaMRiO1vLysRqORV5eTIkIJELYBoHLhHgwGmRfxOshF7tGjR9bP1S+IWS0Uae8hxUkW1wvtPEnbTotkz2H6VZlJp4m7zLZlaUuSJIVbBIoU11tbW7Nwlqau7eLyvrE2kUSXCuu8c51OQlEUQPcrwAfBAV4ij241dYeFNHqAMO/O1c0WGtR0O8Zx3PjF0XVbmL+XNb4hzc7Ojkoy+viq6XfjUkjozOVxkVUctaHo+grXoiRkcizaJEnSSGhIE8K+IvuIy7Gm709Flr03ff5D3mf4HGsubMdAVwtrl5mo9Kdft7WPA2URHODNnLu/SVEUqd3dXbW7u6tOT0/V6elpbpBJkmQ26LoJ+l2zPHEct3oBsRUb5kU+r9AwRdMBrnl/Y77/InAJlPPIdb2T6fz9TUjb/yOHLkJ1ci3YzfNL3sBok9z4yQr1qqZjczQapb6vrEu/35+tf5vnRR9ZwXgymah4OvWqrFtXul8BaQgO8Nb0QE8JC5eXl+r09HQWHKJpX2jbGAE5saed3Kvm0o9bTbehXEDMQqBOcgfb9v2ZYwpcLnZ6YbCxsZH7GWlFRJ6ivx8i18JQl9XiIPt0v99Xo9Fo1g0wdpjutElFlkcKxrq/6zjluRl5+2rT6liWRGvls934ydrnyjC3t7wm3VhlHxkOh07nmpCkrZuads/r9/uz606Xul8BaQgO8CZNyXVc4HR6q0LeCdd1OeQOUF1sRZK+nBJ29vb2Gr1QDgYDtbu7m3mxy+KyjfXfsa1TkeIkb5vmyWvx6Ar9e5Kw8ODBgy+eZTIej2cTD/T7/S+eg/LgwYNZuPDdjmXYgrSEfz1I2/6mLPnM0PR6PTUcDq3Hpk+o19fZtu5Fjk3h8zdpQjxmbd8HsCgIDihFwsPBwYHThctVpLUuSKuCjcvvKO0OV11sBY8sp35X7fj42Hn5qxBFkTo+Prb2y62iyMxbryKFxiJfuNPCguv2kLvMEi76/b75K7WyBenetL99kiSzID0ejwt1vfERTccXpXHdtnWQ48UMBiZzGfOOszS24GS+f5PyHgrXdbbjAQgdwQGlRVGkhsOhOjw8VKenp6VCRK/XUwcHB9bWhSyun5sY84RXxXZR6PV6s59LkaQXTE1KkkQNBgPz5S/oxUORfud6d7C8AiTvZ1UJ8e5lURIcqthersdIVWxBWuhB+vz8vND+5qOO478qcRxbg5O+L+QFAJN+bOb9XRX7mq+k5ps7bXM9JoAQERxQqbQQkVcASMuCtC4cHh7m/r5NkYud/hCeqtguCLJ8w+FQRdNBmJPJpPFiTjlsq7wAlEXeUw8keetmWwad7Q4s8smx1uRMNbYgrbT9TO+2lzdotyp5zzFoW5LxNGWdfuzYfldp29nctqFugzhlDMq8kNY/oIsIDqiNhIiDg4PZgGYJElLA6IOcq1DkQlPkd13os2akkaCgtCJpNBq1ckdcljOvaDC3j+0OqNKCUzLtGiPyPseVuTxdVMV2KCqKolKteGXY7hrL9pAgHU9nn3EphMvK6ibX9n4mn5+3r+SdZ7JIt8Qoir4oWrM+J4TtYLsR02XzvG6YbwQHNEYPErs1TEdX9EKXeDxHII/rbE296WxU4+lTpcu0sPiKLP2bVU5hlUdCUDQdQyEFStZnVbn9uyBrO1QtMmYga2Mfy5p6U0RakJYZfvb39xubhlMvnqUQ9ynI22BuV5dQr9+gePv2rdO6mp/TNJkhbB4lGdO3AqEjOGButHmBsd1ZlQGgSmtteP36dWNFkimOY2twM4OD7feV1uoSTZ8abb5HmraLkybV3bokgaGN1gVdYhlDpIeG3nQmJfn/JkKOuc/V0W3Rl9xgyePTbW9/f1+Nx2MVRdFsP0xynh6tUrZTG+b5zvxkMgliGwNFEBwwN3wu/nkXTVd5RVI0nXXKLJKkuHYpxusQRZH1LqUZxFy3lfze6uqqWl1dvfE+JtcLp+vvhcwlSPkIJTCIvGJvOBx+MRmA3m2vqUkCzH0pmXat0wNNW+I4LhwwXc8j8nuyH7a9ri5ih3EyXZXMeXcszCeCA+ZG0YuLayFsk9XaEEWROj09VcfHx7MLdBtFUprIoauST1FhFl7yGbbPqlObn1230AKDsgz8lK6KcsxIkJY74a4FcFnmNMRxHKvRaBTENKCR1iKQxTzXuezj+rGptzjkfZbPOaAOWefYeRDP8SBwzCeCA+ZCVqGSp4oiJe9umMwsJP1YZbpJGfzpcrGvi9xdzWJeyHy2lRQkx8fHlRQnrr9nylvPLgstMIi8O6g7Oztf9OtuK0ibLT+yj+ghvy2JpfuQKnEsyN9tbGyoJElubAeT7edNSXJadbsuodUBHUNwwFzwOfHmFbOusj631+up3emTmaXo3traUsl0QFxbYxtEXnBJe7pw1u+aIuPJtC53CkMpTrpiOBwGGRiUJUjLU+ZlOlBpbRiNRmrX8SGPdUimkyTIP23La3kZT58OrrONhxDmsbm/v28N9WbLTJuyzrXzIO+4AUJDcEDnyexEReVdMF3kzfghc+VH0ykmpUhqctaYPFnLLczBlz7bSgqVKooTn+9XtFWQpsnbDjaR9pT2kNZJl1Xc6Q+FlO97Z2dndie5rRCUaNMG96YDtNsOsnndpc7Pz28cmz6iKFKDwUAlltaNMsdd1eSmyzyi1QFdQnBA5/mecF3v1GXJGowtLQ1K66a0s7Mz6/td9nOrkHVHU2l3YHU+Be/+/v6slaVsceLyO/NOwmeo8oK0vs9LVz1pbQghSEfTZ12oAFrA0kKU7P/Hx8c3trFtkoM0o9HoxoPgumCeZyGi1QFdQXBAp/m2NpQt3vOKJKXd5d7b25uNbQiltUFl3IWXLhD6XVhRpGCV4BHHsdrf31dJkmSGrLqlrWdX+YS3JmV9x5E2KFe6rkmQjuO49LHoQy/EZblD3ldkedNCfZHlljEcSZLMnrOR9b2pAAN7Mud35l26dgJtIzig03xPtD536XRZF6/hcDgbFC3LtrW1NQs4bRRJLmJtsHRasWArTpJpl5N4OjvNgwcPvihyzH7ZuiQlqJjSlklpy2VbvlCUKf7bvhOeJy9I7+zszMKDtLiFEqSPj4+/WDaVs6+1RT+O0tj2fTm+4jhWk8lEPXjwQMXaTD55x6Zy6NbYtLx9reuSOe6OhflBcEBn+YYGVbLFIauVQ7o7pBVJbT7sLY+sh/lvXTR9ynUcx2pvb0/t7e2p0Wik+v2+Wl5eVsvLy+rBgwez7yPtPWzy7nq6KNIi0iZbkZfHZ7s2JStIHxwczI41+Z2tra1Z4VfmOKxCWlEeSlEqy6Uvj7msSuviknds9vv91HV1kfXdtqnMud9XmWO3iHnujoX5QHBAJ8U5c8XblC1Wsi6k+nSSemuD/HeIxa2EnP39ffX69evUC3Iy7dbQ7/dnxUnVd/18L5RNXcyRLStIK+1YS4wg3e/3G51+1aTvN7Iflw2vVZNj8/Xr15nHppqea+o8Nou8V5kWtSKSOb4zL+dbIFQEB3RSmRNrmYLFpUiSO4DS+jAej4Nsbdjb25vdkZTCrkiRUCXfACDfxdbWlvmjIPmuZ8iygrQ+yFd+Rx7+JgGibfqxnHVctyGO49mxKecT3xslZZW90eLCZ1+YTCatna+K8Nl+0oIEhIjggM6RZncfw+GwVPGWVSRF2jML5HeGw6GKp1OxlvnMOoR2YbLdqczq3+9TcHSV7z5fp7wgLV0uJJRKkIjjOMigl7UeTUuSRPX7ffPlTvA5z0kXz6KavjPvs25qelPD5zzVlWCExUNwQKfs7e2VOpnW1dqQJMms73Ycx7PnOMiUpKFxeXaCKZo+mGo4HKrd3V21u7urDg4O1OHh4ewf+T39v11kBYOyXD+/KaEtT1lZQVpN1zWaPmisN30gohxDPoXUosg6x+SRbZ13bMo2l/923Rd9lqeoKIpSp6G1aTo8+IiiyOu604V1w2IiOKAzyt4lr6u1QR5uJTPFSDeM0XS6Q5+m6rrJzE/D4XC2fFnbZjgcqsvLS3V6ejp7AJkUJ7Ku8s9wOFTJ9LkNUpy4FIm+xYnMjiWfaUp7rat8t1Fd8oL0cDj84gFvUjiNAnluQ8hkn5UQoL9m0o/N09PT3GNTf26DvJ/LsVlE1nK6GAwGXssjN2ua4Lt+cm4sKpnjsRzoLoIDOqPM3ZfIszlc5BVJypiXXv8cn4tFE+RCe3BwMCu+s7ZP1utppMtRv99X0XRwZ952K0O/iNfVYlEH3+IjNFmDiaXYlfC8u7urer2eiqdT/voUh4tEjpednZ3Z8ZR1DPrcyR6NRmp1dVUlDtMgqwYDazTnd+Z91k3RZQkBIjigE8qMa1A5F15XeUXS+fn5rLVBuujIRdn3YlG3t2/fzv5biu4y2zdNrM0Vb2P7vbRgIK0mIq0gt71vG9KW01Uo65N3l3d1dXXWbS9JklmQeP369awVCtmkG6G+nbK6FhbZlnqLg9zFDi3ESetIUV0ID743r7qwblgsBAcEr9/vZxYpLuSOp6+8ImljY0NtbGzMfqfX681O9NG033FI9JYT2SZSlOhhQhTdbnKHVC9wi76HiyiKbgyozvqO5kkowSErSA+HQ/X27VvVmz67RMLdeDxW4/G49IMX55l+bEprnRyTacHZV9F9qOjvl+VTXCttHwuZb3AmPCAkBAcErexg6Mhz0J0ur0g6Pj6etTbs7u6qZPpMhFBbG/T54CPtwW7y36aiFzn996XgSHtfk09xoncD61I/4KLbNERZ3+nW1pZ69OjRLEhvbGzMjoloOngX6fb399X+/r46Pz+f7SOyndPOgUUDedp+l/a+aXyOT19lztn7+/uNLmtRkTZxRFFyrgbaRnBAsMbjcemC0PfulS6rSJI+yFIkDQYDNRqN1Hg89m5yr5Msp9zNVForQ1UX27TipC4ud+CaXB5XZktJEVV9T2VkbffhcKhev36thsPhbCYlpdTsOSEhBWmf76DufUn/bqMoUpPJZPbfad973cujS/v8NFUtk+9A6brvzFexfmWCUZ3rBrgiOCBI4/G49ElSn4LQV1ZwkeJI/3eiDTYMqUgSyXSGJ5ntRkJPHp8Cy1decZL3s0VSZZcVX1lBemtra7ZPSVCQmchobcgnNxvk2FTTQbGqwn2/iqK3KdF0PIDPMsctPizPVajBCHBBcEBw4jgufXKUKVLLkou3ySyS9GUOsbVBTYtOffpS/d9V8bnQiyLLIr8bQiFdlD5ItWuyCjIJzoPBYNYtSZ56rAIM0k0GYlfRdExUXcemKnl8Ni0q0a2nC12WfIMRXZbQNoIDghLHcemnpsoc5mWNM6ZglfnRpUhS04u8/G6ID3xT0yJb7z+dNVOLzqfAaio0pX03887lO6tT1rNMtra2ZkWvhGldFcfjPDMDsMtx5/I7Jp9CVbV4rPl260mm42pCJuHBR9kba0AZBAcEo4rQMNQemlRW1qDora0tlUwfOJZ25yfkImkymcyKgNDufOcVJ1kFj1lwmfLesy1Z6+KizfXJCtLSwtabzqTUm84sJqo6HtuWtu5VOT8/n7XmJEniFBB9goPvMW87zurk262nijFydetNn6heVEKXJbSI4IAgVBEaer2e9x2cNGmhQAqkKIpmJ269oAg5NEjYES7FgM8Fu47iJK1IqrOQq1NXg0PadL3K6IaU1o3CfN5GCMp8B3XRjzWXY8jn2GxC1du2TLeeqh+e5rMMtmN2noMR5hPBAa0bj8eVhAbf/rBpsvpy692Q0i5IofXl1iVJMmstceVzoUwr8uuQJEnm9xQ6n0JBpO13Tcj6XFmXtO9iOBx67UOLJkmS2dS1yrFLms92dQkkafJCfVku56PIc7yD3Jl3+Yy2hBSMABcEB7RKH1Tsq+rQoHK6KUmLgnTb0E/20hIROllu2wXHt7j13QZ5xYlvGAm5YOiSrG5Kegtf2jET6nif0Mi2lX/bjiHbz7P4/l3ad5/F9zNspMAuSsJDFXzPQzbzHIwwfwgOaE0V3ZOGw6HXCdcmrajWuyFJkaSfsEMvkpLpdKxqeqGyXWx8CwDfv7MtzzzxvfOrHO9G50mmA/nj6XM9pMtDVjhQOd2UJFzKe5l8w2fdfPfRuiTTGanUdNnStqUu1O1aN98xbHEcB9+tp0wwKnsdBYogOKAVe3t7pU92w+HQ60Rrk9blQjl0U7KNb0ha7FoTTx/8pix39nW+d9fqKMrqeM82+W5bVeD700lYePDgweyffr+v+v2+Go1Gam9vT41Go8yZaLL2d/le0lobXI5NCTBdUPc+qIf5rABXVjSd8rWoupZHFHn/wWBgPdem2dvbayU8FFk332CUVNiqAtgQHNAoKV7KnsDrCg3K4e5q2gnadiEbj8fqwYMHajR9snTTkiT54i6lS7FWprgNsTgJic/2Ea7bSS/K+/3+7AnOeeQ5H6a0v9N/N22fzrsrnkzvkkqAaVqZ7V+18Xj8xfKkbWtT1vfkwmfdXZZJ+Lx/EVEUqZ2dndz9K0vZMQFlzomudnd3vcIDg6XRFIIDGrO3t+dUvNjUGRpUxkVSDwZpF56sQdFSIOlhwxYy6pAVhvL4XJiFT/GQtt2Fz/spy3sWkUzv2CfTViO5Qy/7tIRC6fJj47s+ynGdEu0OZL/fd/qbKOPpzmn7uyoxKFq2mbxv2mcukrdv35Y61orK+l5sXPahpkSeA4rluPBdl6Kf58t3pqWywQhwQXBA7aR4ruJuyMHBQa2hQWVcIOVOU1Y/8LQLilkgqRbntE+S5Iu7ZT4XpSakbduyylxIkySZfY+TyeRGQNjb20sNFOb3boo8u4woLcTkGY1GamdnRx0fH+cuhy7ruMr6LFn+tFCadkc87TwQRVHwY4Oa5hKk2jh+s/YDk89dedf31kXGgGLX40n2w6b4dC00g5HLPqEqCEaAC4IDapVWPPs6ODhwPoFWLe1iKMtiLlMcxze6Y8lFLis4SMFZF/1CMhgMnC6yLr9TtZAueLLvyvdYJPi6rEfa9k17LU3e++tFkesyD6dPQ3elL2fasa2/lx6+9N/t9Xrq9PQ09XOTaZfGtPeeN/p32ev1Us81SCcFtppuO31fStuvRNPhwYcejJIk+eLakXeekHXLO0cAZRAcUIu04tmXnEDNAr1JchHS765KFw25uyrrbJ60ZfnTLmT6dpL3qeuELwVJ5DBrS1llZg1KE0VR6vZzUWQWIr3ILbPvmkVMmrRtZO43WbLWSVpADg4OnAujnseDE2XZ4jhO3V+j6UDfrG25u7ubOhua/jdKO+7SPqOsvO3bNP3YdLlDXWbZ01qDXLh+B00HHxlQHMex2tra+uK4y7pRozxnWiqz3X3ItSOOY7W6uvrF+uStWxeCEbqL4IBKyQnLLJ595d2VrEvaxUHWJa0/99u3bzMDw+7urjo9PZ0VUiJrO9XVzJwYz5ywfUbZ7Z1WFLvIWy7fLi1ZRbaafp4Uq/3pYF0pvn1lFcWmtG2kf0dZ42ZUxjqNRiN1fn6uDg4OZoW3jRQmedKOB5G2naLpU9XTAoMcz1L0yN/Ld6D/Ta/Xm72Wtwy+6nhPH4nRjbDuUO97bLsEGuW5XdP2oyJ2d3dVr9dT+/v7sy4+sh3zCuw9xzFJZbhutywS7Pf399XGxobq9XoqSRJ1fn6uTk9PzV+fSZhpCTUhOMCLXOjH47GKp3O4u/TtLsK1AKtaWkH3+vXrzJNw2rgHvUCSbTUajdRoNFLLy8up22l/f//GHbMqmMtmfm4an4u/zvfv8y6yLnfx00g4kP+WsQgSFKRYddkuecyi2CZrG8nfn5+fZ66v+Z32+301Ho/Vo0ePCt1pdGlpSFvOZDpjU9r0rbKNdRJQDg8PZyF6b29PTSaT1JARRdHsPfKKoyaZ27wq+vvq+2qWtO8jJD7Ll3fcu9rZ2VFRFKnJZDK7bkwmE7WxsZF7TO7v71u3ufBZN9f3zjMcDtVgMJgFo16vp8bjsZpMJrnH8Hg8vnEsAmURHOClPx3kOBqNZnfOqzpBFS3AqpY2o4XrCTiatjIcHh7OiiO9ME17D/mbulpWzAuXz8UvBFHJByRJYJPBzWWDgpDlkqLYVZTR/UoeBHZ8fJzZyqIHoOXl5dm6ZIVbkxTyaZ9vStvusk3NfSuNHM9RFM2OBzkmsu74RlFU+znAZdnrZi5D1j6hK7KPpfH9+yqK+yxVvLfsp9Iad3p6qpLpXXe5U59G9mVXWe+TxfyOfcl5IZl2RYymIUmuH1mKBCPABcEBXuQkViUpZooWYFWTC1DeyTiN3kKiF0dZ5ITfdIEUOczoU7afsu39s9gKCCkoi76/uQ2qIPvJ6emp9/gbs3Urmd5x7vV6Ko7j3CJFAlBRsg3z3ts0nD6hvcjfyPF8cHDwRYDO+y4kZDRxDshbjqb4LEMV28XnPVyX1eX8YnJ9bxs5JqWgPjg4UEmSfHGnXqUU/xIw6lD1uh0fH8+OLVnuwWCQeQ1JCgYjwIbgAC9S8PoWTLqo5jvuPvRl2p32n80TRZE6Pj52Ko7M926KbR2qVrR4cCUXTZfvpWr6d1fF/m8GBzVtaZDxDRIiqiLL7qPX682CgMt6R1H0xbiRPLJcTQQGISHfVZ3LpX/HeeeOqtS5Lsrj/atc5yiK1GAwUOPx+IuB09KtJ5p2lTOPK+lya5PVCpjH5X1dyLrt7e2pSAtG/X5/1lIepTyPJUnpPgj4IjjAm5y45II/zHnoU5q2CugiZBkPDw/V6elpZtGUaE/pTWO+T9PraxZJtgt12RYH5VE8KIflEub2lO/FLAaqYH7W7u6u17qlSXsfuVuqCnQ9soks0wEXMZw+gFHCU1aAsx0PUtRdXl5Wuk1duX6e/v3Xoei6V3Fs1q1oce163LuS/StJkllBPZlMVJIkszv1Zvcl12VI29dtXN/bRTQND3Ecz44huf7owcg81tOetwL4+N3nz58/my8CZSRJoiaTSebDp+TEZ57YukRO1G/fvs0MDSGvZ7/fT11mcerRHcg0Go0K3+WSu9plJdqTnvO+I1M07WaxsbFxo7CoS9p22t3dzTx+itrd3W1kH5Rt/Pr169Tllv1J7zLStuXl5VmBmWgzj9kG1FZF/0xhOzazbl4UIeNLioimXdxcJNPncGSRdW7qWEumXXp2dnZUbzorkRTYcRzPuki6fud535G+blEU3ZhGtWpyvVXT5U+0kCLXqLqXAYuF4IBayUksjmMVOQz86yq5AHVlHdOKVd3l5aX5UmE+xUlVwSGL7I9SKCrtAm8WcE2xFVm+etNpHNtYL337Ks+7tItqPB7ntjRVEerjOC7c771IcFDaOVEFcIxVzVw3xT6OBUJwABbUeDxOnXFDuqKU5VOc1B0cQuUTstJE01Yu16eDI0zxdKrbtLvaVYR6n2OzaHAAMJ8IDsAC0++cSXN9VUVnUmDKTlFVaOki6eZj3q1X2l1N8/+lv/vq6mrp7isITzx9MjfHJoBQEBwA1EoK4WQ63iCNFMD0wwWaU+TYrCq0AOg2ggMAAAAAK6ZjBQAAAGBFcAAAAABgRXAAAAAAYEVwAAAAAGBFcAAAAABgRXAAAAAAYEVwAAAAAGBFcAAAAABgRXAAAAAAYEVwAAAAAGBFcAAAAABgRXAAAAAAYEVwAAAAAGBFcAAAAABgRXAAAAAAYEVwAAAAAGBFcAAAAABgRXAAAAAAYEVwAAAAAGBFcAAAAABgRXAAAAAAYEVwAAAAAGBFcAAAAABgRXAAAAAAYEVwAAAAAGBFcAAAAABgRXAAAAAAYEVwAAAAAGBFcAAAAABgRXAAAAAAYEVwAAAAAGBFcAAAAABgRXAAAAAAYEVwAAAAAGBFcAAAAABgRXAAAAAAYEVwAAAAAGBFcAAAAABgRXAAAAAAYEVwAAAAAGBFcAAAAABgRXAAAAAAYEVwAAAAAGBFcAAAAABgRXAAAAAAYEVwAAAAAGBFcAAAAABgRXAAAAAAYEVwAAAAAGBFcAAAAABgRXAAAAAAYEVwAAAAAGBFcAAAAABgRXAAAAAAYEVwAAAAAGBFcAAAAABgRXAAAAAAYEVwAAAAAGBFcAAAAABgRXAAAAAAYEVwAAAAAGBFcAAAAABgRXAAAAAAYEVwAAAAAGBFcAAAAABgRXAAAAAAYEVwAAAAAGBFcAAAAABgRXAAAAAAYEVwAAAAAGBFcAAAAABgRXAAAAAAYEVwAAAAAGBFcAAAAABgRXAAAAAAYEVwAAAAAGBFcAAAAABgRXAAAAAAYEVwAAAAAGBFcAAAAABgRXAAAAAAYEVwAAAAAGBFcAAAAABgRXAAAAAAYEVwAAAAAGBFcAAAAABgRXAAAAAAYEVwAAAAAGBFcAAAAABgRXAAAAAAYEVwAAAAAGD1/wGMwLtHPZLnEgAAAABJRU5ErkJggg==', '060000000', '2026-03-26 08:25:08', 1, 1, 1, NULL, '2026-03-26 08:25:08', '2026-04-22 10:16:03');

--
-- A tábla adatainak kiíratása `fizetes`
--

INSERT INTO `fizetes` (`fizetesimod_id`, `fizetesi_mod`, `tranzakcio_id`, `statusz`, `datum`, `felhasznalo_id`, `created_at`, `updated_at`) VALUES
(1, 'Bankkártya', NULL, 'teljesítve', '2026-03-23 09:16:38', 1, '2026-03-23 09:16:38', '2026-03-23 09:16:38'),
(2, 'Utánvét', NULL, 'függőben', '2026-03-23 09:16:38', 1, '2026-03-23 09:16:38', '2026-03-23 09:16:38');

--
-- A tábla adatainak kiíratása `kategoriaks`
--

INSERT INTO `kategoriaks` (`id`, `marka`, `tipus`, `created_at`, `updated_at`) VALUES
(1, 'Nike', 'Divat', '2026-03-23 09:16:37', '2026-03-23 09:16:37'),
(2, 'Nike', 'Sport', '2026-03-23 09:16:37', '2026-03-23 09:16:37'),
(3, 'Nike', 'Utcai viselet', '2026-03-23 09:16:37', '2026-03-23 09:16:37'),
(4, 'Adidas', 'Divat', '2026-03-23 09:16:37', '2026-03-23 09:16:37'),
(5, 'Adidas', 'Lifestyle', '2026-03-23 09:16:37', '2026-03-23 09:16:37'),
(6, 'Adidas', 'Kosaras', '2026-03-23 09:16:37', '2026-03-23 09:16:37'),
(7, 'Puma', 'Divat', '2026-03-23 09:16:37', '2026-03-23 09:16:37'),
(8, 'Puma', 'Retro', '2026-03-23 09:16:37', '2026-03-23 09:16:37'),
(9, 'Jordan', 'Kosaras', '2026-03-23 09:16:37', '2026-03-23 09:16:37'),
(10, 'Reebok', 'Divat', '2026-03-23 09:16:37', '2026-03-23 09:16:37'),
(11, 'Reebok', 'Kosaras', '2026-03-23 09:16:37', '2026-03-23 09:16:37'),
(12, 'Vans', 'Divat', '2026-03-23 09:16:37', '2026-03-23 09:16:37'),
(13, 'New Balance', 'Divat', '2026-03-23 09:16:37', '2026-03-23 09:16:37'),
(14, 'Converse', 'Divat', '2026-03-23 09:16:37', '2026-03-23 09:16:37'),
(15, 'Nike SB', 'Divat', '2026-03-23 09:16:37', '2026-03-23 09:16:37'),
(16, 'Adidas Originals', 'Divat', '2026-03-23 09:16:37', '2026-03-23 09:16:37'),
(17, 'Balenciaga', 'Divat', '2026-03-23 09:16:37', '2026-03-23 09:16:37'),
(18, 'Alexander McQueen', 'Divat', '2026-03-23 09:16:37', '2026-03-23 09:16:37'),
(19, 'Gucci', 'Divat', '2026-03-23 09:16:37', '2026-03-23 09:16:37'),
(20, 'Off-White', 'Divat', '2026-03-23 09:16:37', '2026-03-23 09:16:37'),
(21, 'Maison Margiela', 'Divat', '2026-03-23 09:16:37', '2026-03-23 09:16:37'),
(22, 'Air Jordan', 'Utcai', '2026-03-23 09:16:37', '2026-03-23 09:16:37'),
(23, 'Adidas', 'Retro Kosaras', '2026-03-23 09:16:37', '2026-03-23 09:16:37'),
(24, 'Veja', 'Divat', '2026-03-23 09:16:37', '2026-03-23 09:16:37'),
(25, 'Allbirds', 'Divat', '2026-03-23 09:16:37', '2026-03-23 09:16:37'),
(26, 'Cariuma', 'Divat', '2026-03-23 09:16:37', '2026-03-23 09:16:37'),
(27, 'Adidas x Parley', 'Divat', '2026-03-23 09:16:37', '2026-03-23 09:16:37'),
(28, 'Nike Space Hippie', 'Divat', '2026-03-23 09:16:37', '2026-03-23 09:16:37'),
(29, 'Jordan', 'Retro 4', '2026-03-23 09:16:37', '2026-03-23 09:16:37'),
(30, 'Nike', 'AF1 Custom', '2026-03-23 09:16:37', '2026-03-23 09:16:37'),
(31, 'Nike', 'AF1 Supreme', '2026-03-23 09:16:37', '2026-03-23 09:16:37'),
(32, 'Nike', 'AF1 Special', '2026-03-23 09:16:37', '2026-03-23 09:16:37'),
(33, 'Nike', 'AF1 Rope', '2026-03-23 09:16:37', '2026-03-23 09:16:37'),
(34, 'Jordan', 'Retro 4 Special', '2026-03-23 09:16:37', '2026-03-23 09:16:37'),
(35, 'Jordan', 'Retro 4 Limited', '2026-03-23 09:16:37', '2026-03-23 09:16:37'),
(36, 'Jordan', 'Retro 4 Premium', '2026-03-23 09:16:37', '2026-03-23 09:16:37'),
(37, 'Jordan', 'Retro 4 SE', '2026-03-23 09:16:37', '2026-03-23 09:16:37'),
(38, 'Jordan', 'Retro 4 OG', '2026-03-23 09:16:37', '2026-03-23 09:16:37'),
(39, 'Jordan', 'Retro 4 Thunder', '2026-03-23 09:16:37', '2026-03-23 09:16:37'),
(40, 'Jordan', 'Retro 4 Uni Blue', '2026-03-23 09:16:37', '2026-03-23 09:16:37'),
(41, 'Jordan', 'Retro 1 Low', '2026-03-23 09:16:37', '2026-03-23 09:16:37'),
(42, 'Jordan', 'Retro 1 High OG', '2026-03-23 09:16:37', '2026-03-23 09:16:37'),
(43, 'Jordan', 'Retro 1 High Special', '2026-03-23 09:16:37', '2026-03-23 09:16:37'),
(44, 'Jordan', 'Retro 1 High Limited', '2026-03-23 09:16:37', '2026-03-23 09:16:37'),
(45, 'Jordan', 'Retro 1 High Collaboration', '2026-03-23 09:16:37', '2026-03-23 09:16:37'),
(46, 'Jordan', 'Retro 1 High SE', '2026-03-23 09:16:37', '2026-03-23 09:16:37'),
(47, 'Jordan', 'Retro 1 High Custom', '2026-03-23 09:16:37', '2026-03-23 09:16:37'),
(48, 'Jordan', 'Retro 1 Low SE', '2026-03-23 09:16:37', '2026-03-23 09:16:37'),
(49, 'Jordan', 'Travis Scott Low Black', '2026-03-23 09:16:37', '2026-03-23 09:16:37'),
(50, 'Jordan', 'Travis Scott Low Brown', '2026-03-23 09:16:37', '2026-03-23 09:16:37'),
(51, 'Jordan', 'Travis Scott Low Mocha', '2026-03-23 09:16:37', '2026-03-23 09:16:37'),
(52, 'Jordan', 'Retro 1 Low White', '2026-03-23 09:16:37', '2026-03-23 09:16:37'),
(53, 'Jordan', 'Retro 11 DMP', '2026-03-23 09:16:37', '2026-03-23 09:16:37'),
(54, 'Jordan', 'Retro 11 Gamma', '2026-03-23 09:16:37', '2026-03-23 09:16:37'),
(55, 'Jordan', 'Retro 11 Pearl', '2026-03-23 09:16:37', '2026-03-23 09:16:37'),
(56, 'Maison Mihara Yasuhiro', 'Peterson', '2026-03-23 09:16:37', '2026-03-23 09:16:37'),
(57, 'Nike', 'AF1 Supreme Black', '2026-03-23 09:16:37', '2026-03-23 09:16:37'),
(58, 'Jordan', 'Retro 4 Military', '2026-03-23 09:16:37', '2026-03-23 09:16:37'),
(59, 'Nike', 'Dunk Low', '2026-03-23 09:16:37', '2026-03-23 09:16:37'),
(60, 'Adidas', 'Campus 00s', '2026-03-23 09:16:37', '2026-03-23 09:16:37'),
(61, 'Yeezy', 'Slide', '2026-03-23 09:16:37', '2026-03-23 09:16:37'),
(62, 'Nike', 'Air Max Plus', '2026-03-23 09:16:37', '2026-03-23 09:16:37'),
(63, 'Timberland', 'Bakancs', '2026-03-23 09:16:37', '2026-03-23 09:16:37'),
(64, 'Crocs', 'Kollaboráció', '2026-03-23 09:16:37', '2026-03-23 09:16:37'),
(65, 'Jordan', 'Travis Scott Canary', '2026-03-23 09:16:37', '2026-03-23 09:16:37'),
(66, 'Jordan', 'Retro 1 High Bred', '2026-03-23 09:16:37', '2026-03-23 09:16:37');

--
-- A tábla adatainak kiíratása `keszlets`
--

INSERT INTO `keszlets` (`cikkszam`, `meretvalasztek`, `szabvany`, `mennyiseg`) VALUES
(1, 42, 'EU', 15),
(2, 38, 'EU', 10);

--
-- A tábla adatainak kiíratása `kosars`
--

INSERT INTO `kosars` (`kosar_id`, `felhasznalo_id`, `termek_id`, `meret_id`, `mennyiseg`, `hozzaadas_datum`, `created_at`, `updated_at`) VALUES
(1, 1, 1, 42, 2, '2026-03-23 09:16:38', '2026-03-23 09:16:38', '2026-03-23 09:16:38');

--
-- A tábla adatainak kiíratása `learazas`
--

INSERT INTO `learazas` (`akcio`, `marka`, `tipus`, `akcio_szazalek`, `aktiv`, `kezdo_datum`, `zaro_datum`, `created_at`, `updated_at`) VALUES
(1, 'Nike', 'Sport', 20, 1, '2026-03-23', '2026-03-30', NULL, NULL);

--
-- A tábla adatainak kiíratása `markaks`
--

INSERT INTO `markaks` (`id`, `nev`, `created_at`, `updated_at`) VALUES
(1, 'Nike', '2026-03-23 09:16:37', '2026-03-23 09:16:37'),
(2, 'Adidas', '2026-03-23 09:16:37', '2026-03-23 09:16:37'),
(3, 'Puma', '2026-03-23 09:16:37', '2026-03-23 09:16:37'),
(4, 'Jordan', '2026-03-23 09:16:38', '2026-03-23 09:16:38'),
(5, 'Reebok', '2026-03-23 09:16:38', '2026-03-23 09:16:38'),
(6, 'Vans', '2026-03-23 09:16:38', '2026-03-23 09:16:38'),
(7, 'New Balance', '2026-03-23 09:16:38', '2026-03-23 09:16:38'),
(8, 'Converse', '2026-03-23 09:16:38', '2026-03-23 09:16:38'),
(10, 'Timberland', '2026-03-23 09:16:38', '2026-03-23 09:16:38'),
(11, 'Balenciaga', '2026-03-23 09:16:38', '2026-03-23 09:16:38'),
(12, 'Alexander McQueen', '2026-03-23 09:16:38', '2026-03-23 09:16:38'),
(13, 'Gucci', '2026-03-23 09:16:38', '2026-03-23 09:16:38'),
(14, 'Off-White', '2026-03-23 09:16:38', '2026-03-23 09:16:38'),
(15, 'Maison Margiela', '2026-03-23 09:16:38', '2026-03-23 09:16:38'),
(16, 'Veja', '2026-03-23 09:16:38', '2026-03-23 09:16:38'),
(17, 'Allbirds', '2026-03-23 09:16:38', '2026-03-23 09:16:38'),
(18, 'Cariuma', '2026-03-23 09:16:38', '2026-03-23 09:16:38'),
(22, 'Maison Mihara Yasuhiro', '2026-03-23 09:16:38', '2026-03-23 09:16:38'),
(61, 'Yeezy', '2026-03-23 09:16:38', '2026-03-23 09:16:38'),
(64, 'Crocs', '2026-03-23 09:16:38', '2026-03-23 09:16:38');

--
-- A tábla adatainak kiíratása `merets`
--

INSERT INTO `merets` (`meretvalasztek`, `created_at`, `updated_at`) VALUES
(25, '2026-03-23 09:16:38', '2026-03-23 09:16:38'),
(26, '2026-03-23 09:16:38', '2026-03-23 09:16:38'),
(27, '2026-03-23 09:16:38', '2026-03-23 09:16:38'),
(28, '2026-03-23 09:16:38', '2026-03-23 09:16:38'),
(29, '2026-03-23 09:16:38', '2026-03-23 09:16:38'),
(30, '2026-03-23 09:16:38', '2026-03-23 09:16:38'),
(31, '2026-03-23 09:16:38', '2026-03-23 09:16:38'),
(32, '2026-03-23 09:16:38', '2026-03-23 09:16:38'),
(33, '2026-03-23 09:16:38', '2026-03-23 09:16:38'),
(34, '2026-03-23 09:16:38', '2026-03-23 09:16:38'),
(35, '2026-03-23 09:16:38', '2026-03-23 09:16:38'),
(36, '2026-03-23 09:16:38', '2026-03-23 09:16:38'),
(37, '2026-03-23 09:16:38', '2026-03-23 09:16:38'),
(38, '2026-03-23 09:16:38', '2026-03-23 09:16:38'),
(39, '2026-03-23 09:16:38', '2026-03-23 09:16:38'),
(40, '2026-03-23 09:16:38', '2026-03-23 09:16:38'),
(41, '2026-03-23 09:16:38', '2026-03-23 09:16:38'),
(42, '2026-03-23 09:16:38', '2026-03-23 09:16:38'),
(43, '2026-03-23 09:16:38', '2026-03-23 09:16:38'),
(44, '2026-03-23 09:16:38', '2026-03-23 09:16:38'),
(45, '2026-03-23 09:16:38', '2026-03-23 09:16:38'),
(46, '2026-03-23 09:16:38', '2026-03-23 09:16:38'),
(47, '2026-03-23 09:16:38', '2026-03-23 09:16:38'),
(48, '2026-03-23 09:16:38', '2026-03-23 09:16:38'),
(49, '2026-03-23 09:16:38', '2026-03-23 09:16:38'),
(50, '2026-03-23 09:16:38', '2026-03-23 09:16:38');

--
-- A tábla adatainak kiíratása `migrations`
--

INSERT INTO `migrations` (`id`, `migration`, `batch`) VALUES
(29, '0001_01_01_000000_create_roles_table', 1),
(30, '0001_01_01_000001_create_users_table', 1),
(31, '0001_01_01_000002_create_cache_table', 1),
(32, '0001_01_01_000003_create_jobs_table', 1),
(33, '2025_12_11_092110_create_kategoriaks_table', 1),
(34, '2025_12_11_092111_create_markaks_table', 1),
(35, '2025_12_11_092112_create_nyelvs_table', 1),
(36, '2025_12_11_092113_create_szekhelies_table', 1),
(37, '2025_12_11_092114_create_merets_table', 1),
(38, '2025_12_11_092115_create_telephelies_table', 1),
(39, '2025_12_11_092116_create_felhasznalos_table', 1),
(40, '2025_12_11_092117_create_termekeks_table', 1),
(41, '2025_12_11_092118_create_fizetes_table', 1),
(42, '2025_12_11_092119_create_rendeles_tetels_table', 1),
(43, '2025_12_11_092200_create_learazas_table', 1),
(44, '2025_12_11_092627_create_ars_table', 1),
(45, '2025_12_11_093212_create_regios_table', 1),
(46, '2025_12_11_093222_create_keszlets_table', 1),
(47, '2025_12_11_093255_create_kosars_table', 1),
(48, '2025_12_11_093309_create_modositas_table', 1),
(49, '2025_12_11_093327_create_blogs_table', 1),
(50, '2025_12_11_093346_create_regisztracios_table', 1),
(51, '2025_12_11_093521_create_szallitasi_cims_table', 1),
(52, '2025_12_25_155237_create_personal_access_tokens_table', 1),
(53, '2025_12_25_155717_create_termek_valtozatoks_table', 1),
(54, '2026_01_22_170237_create_rendeles_table', 1),
(55, '2026_03_05_191852_add_ceg_and_telefonszam_to_szallitasi_cims_table', 1),
(56, '2026_03_22_085106_add_fizetesi_mod_to_rendelesek_table', 1);

--
-- A tábla adatainak kiíratása `nyelvs`
--

INSERT INTO `nyelvs` (`id`, `kulcs_nev`, `nyelv_kod`, `penznem`, `created_at`, `updated_at`) VALUES
(1, 'magyar', 'HU', 'HUF', '2026-03-23 09:16:35', '2026-03-23 09:16:35'),
(2, 'angol', 'EN', 'USD', '2026-03-23 09:16:35', '2026-03-23 09:16:35'),
(3, 'német', 'DE', 'EUR', '2026-03-23 09:16:35', '2026-03-23 09:16:35');

--
-- A tábla adatainak kiíratása `password_reset_tokens`
--

INSERT INTO `password_reset_tokens` (`email`, `token`, `created_at`) VALUES
('sneakershop2026@gmail.com', '$2y$12$qm.IDVmf9WQhOuzYMeBbSehjK8gGv.rTEAIvFY6uPUI/myM4iXEiW', '2026-03-26 08:26:32');

--
-- A tábla adatainak kiíratása `regios`
--

INSERT INTO `regios` (`szabvany`, `nev`, `created_at`, `updated_at`) VALUES
('AD', 'Andorra', '2026-03-23 09:17:16', '2026-03-23 09:17:16'),
('AL', 'Albánia', '2026-03-23 09:17:14', '2026-03-23 09:17:14'),
('AT', 'Ausztria', '2026-03-23 09:17:16', '2026-03-23 09:17:16'),
('BA', 'Bosznia-Hercegovina', '2026-03-23 09:17:16', '2026-03-23 09:17:16'),
('BE', 'Belgium', '2026-03-23 09:17:16', '2026-03-23 09:17:16'),
('BG', 'Bulgária', '2026-03-23 09:17:16', '2026-03-23 09:17:16'),
('BY', 'Fehéroroszország', '2026-03-23 09:17:16', '2026-03-23 09:17:16'),
('CH', 'Svájc', '2026-03-23 09:17:17', '2026-03-23 09:17:17'),
('CY', 'Ciprus', '2026-03-23 09:17:16', '2026-03-23 09:17:16'),
('CZ', 'Csehország', '2026-03-23 09:17:16', '2026-03-23 09:17:16'),
('DE', 'Németország', '2026-03-23 09:17:16', '2026-03-23 09:17:16'),
('DK', 'Dánia', '2026-03-23 09:17:16', '2026-03-23 09:17:16'),
('EE', 'Észtország', '2026-03-23 09:17:16', '2026-03-23 09:17:16'),
('ES', 'Spanyolország', '2026-03-23 09:17:17', '2026-03-23 09:17:17'),
('FI', 'Finnország', '2026-03-23 09:17:16', '2026-03-23 09:17:16'),
('FR', 'Franciaország', '2026-03-23 09:17:16', '2026-03-23 09:17:16'),
('GB', 'Egyesült Királyság', '2026-03-23 09:17:16', '2026-03-23 09:17:16'),
('GE', 'Grúzia', '2026-03-23 09:17:16', '2026-03-23 09:17:16'),
('GR', 'Görögország', '2026-03-23 09:17:16', '2026-03-23 09:17:16'),
('HR', 'Horvátország', '2026-03-23 09:17:16', '2026-03-23 09:17:16'),
('HU', 'Magyarország', '2026-03-23 09:17:16', '2026-03-23 09:17:16'),
('IE', 'Írország', '2026-03-23 09:17:16', '2026-03-23 09:17:16'),
('IS', 'Izland', '2026-03-23 09:17:16', '2026-03-23 09:17:16'),
('IT', 'Olaszország', '2026-03-23 09:17:16', '2026-03-23 09:17:16'),
('LI', 'Liechtenstein', '2026-03-23 09:17:16', '2026-03-23 09:17:16'),
('LT', 'Litvánia', '2026-03-23 09:17:16', '2026-03-23 09:17:16'),
('LU', 'Luxemburg', '2026-03-23 09:17:16', '2026-03-23 09:17:16'),
('LV', 'Lettország', '2026-03-23 09:17:16', '2026-03-23 09:17:16'),
('MC', 'Monaco', '2026-03-23 09:17:16', '2026-03-23 09:17:16'),
('MD', 'Moldova', '2026-03-23 09:17:16', '2026-03-23 09:17:16'),
('ME', 'Montenegró', '2026-03-23 09:17:16', '2026-03-23 09:17:16'),
('MK', 'Észak-Macedónia', '2026-03-23 09:17:16', '2026-03-23 09:17:16'),
('MT', 'Málta', '2026-03-23 09:17:16', '2026-03-23 09:17:16'),
('NL', 'Hollandia', '2026-03-23 09:17:16', '2026-03-23 09:17:16'),
('NO', 'Norvégia', '2026-03-23 09:17:16', '2026-03-23 09:17:16'),
('PL', 'Lengyelország', '2026-03-23 09:17:16', '2026-03-23 09:17:16'),
('PT', 'Portugália', '2026-03-23 09:17:17', '2026-03-23 09:17:17'),
('RO', 'Románia', '2026-03-23 09:17:17', '2026-03-23 09:17:17'),
('RS', 'Szerbia', '2026-03-23 09:17:17', '2026-03-23 09:17:17'),
('RU', 'Oroszország', '2026-03-23 09:17:16', '2026-03-23 09:17:16'),
('SE', 'Svédország', '2026-03-23 09:17:17', '2026-03-23 09:17:17'),
('SI', 'Szlovénia', '2026-03-23 09:17:17', '2026-03-23 09:17:17'),
('SK', 'Szlovákia', '2026-03-23 09:17:17', '2026-03-23 09:17:17'),
('SM', 'San Marino', '2026-03-23 09:17:17', '2026-03-23 09:17:17'),
('TR', 'Törökország', '2026-03-23 09:17:17', '2026-03-23 09:17:17'),
('UA', 'Ukrajna', '2026-03-23 09:17:17', '2026-03-23 09:17:17'),
('US', 'Amerikai Egyesült Államok', '2026-03-23 09:17:17', '2026-03-23 09:17:17'),
('VA', 'Vatikán', '2026-03-23 09:17:17', '2026-03-23 09:17:17');

--
-- A tábla adatainak kiíratása `rendeles`
--

INSERT INTO `rendeles` (`rendeles_id`, `felhasznalo_id`, `fizetes_id`, `szallitasi_cim_id`, `datum`, `osszeg`, `fizetesi_mod`, `allapot`, `created_at`, `updated_at`) VALUES
(1, 4, NULL, NULL, '2026-03-26 08:30:45', 21990, 'Utánvét', 'feldolgozás alatt', '2026-03-26 08:30:45', '2026-03-26 08:30:45'),
(2, 4, NULL, NULL, '2026-03-27 08:46:57', 49491, 'Bankkártya', 'feldolgozás alatt', '2026-03-27 08:46:57', '2026-03-27 08:46:57'),
(3, 4, NULL, NULL, '2026-04-22 08:48:31', 71973, 'Bankkártya', 'feldolgozás alatt', '2026-04-22 08:48:31', '2026-04-22 08:48:31'),
(4, 4, NULL, NULL, '2026-04-22 10:13:43', 104364, 'Utánvét', 'feldolgozás alatt', '2026-04-22 10:13:43', '2026-04-22 10:13:43');

--
-- A tábla adatainak kiíratása `rendeles_tetels`
--

INSERT INTO `rendeles_tetels` (`rendelestetel_id`, `rendeles_id`, `termek_id`, `meret_id`, `mennyiseg`, `egyseg_ar`, `fizetes_id`, `telephely_id`, `created_at`, `updated_at`) VALUES
(1, 1, 2, 40, 1, 21990, 1, 1, '2026-03-26 08:30:45', '2026-03-26 08:30:45'),
(2, 2, 1, 40, 1, 54990, 1, 1, '2026-03-27 08:46:57', '2026-03-27 08:46:57'),
(3, 3, 2, 40, 1, 21990, 1, 1, '2026-04-22 08:48:32', '2026-04-22 08:48:32'),
(4, 3, 3, 40, 2, 28990, 1, 1, '2026-04-22 08:48:32', '2026-04-22 08:48:32'),
(5, 4, 3, 37, 3, 28990, 1, 1, '2026-04-22 10:13:43', '2026-04-22 10:13:43'),
(6, 4, 3, 38, 1, 28990, 1, 1, '2026-04-22 10:13:43', '2026-04-22 10:13:43');

--
-- A tábla adatainak kiíratása `roles`
--

INSERT INTO `roles` (`id`, `name`, `created_at`, `updated_at`) VALUES
(1, 'admin', '2026-03-23 09:16:36', '2026-03-23 09:16:36'),
(2, 'felhasznalo', '2026-03-23 09:16:36', '2026-03-23 09:16:36');

--
-- A tábla adatainak kiíratása `sessions`
--

INSERT INTO `sessions` (`id`, `user_id`, `ip_address`, `user_agent`, `payload`, `last_activity`) VALUES
('4KN6YXvOqO94t2sWGrO6uUj6bKmiPwtxAGx5feg0', NULL, '172.18.0.1', 'Mozilla/5.0 (Windows NT 10.0; Win64; x64) AppleWebKit/537.36 (KHTML, like Gecko) Chrome/147.0.0.0 Safari/537.36', 'YTozOntzOjY6Il90b2tlbiI7czo0MDoiOVhyQjdoNWdZSWhTT0FWTnhkZHlNYjZmWEdJc0ZsdzFnQVZwTEMxbSI7czo5OiJfcHJldmlvdXMiO2E6Mjp7czozOiJ1cmwiO3M6MzA6Imh0dHA6Ly9sb2NhbGhvc3Q6ODAwMC9hcGkvdXNlciI7czo1OiJyb3V0ZSI7Tjt9czo2OiJfZmxhc2giO2E6Mjp7czozOiJvbGQiO2E6MDp7fXM6MzoibmV3IjthOjA6e319fQ==', 1776846980),
('DiJ6DJENUMrVzMri3L4LrCOzJjzcRM5ZxIsygN4V', 3, '172.18.0.1', 'Mozilla/5.0 (Windows NT 10.0; Win64; x64) AppleWebKit/537.36 (KHTML, like Gecko) Chrome/147.0.0.0 Safari/537.36', 'YTo1OntzOjY6Il90b2tlbiI7czo0MDoiVlVnSlhoOTVVbE9TbmFRZmczaFNuaDF1QmJHV0hLUVlEcDdrM2c2ZCI7czo2OiJfZmxhc2giO2E6Mjp7czozOiJvbGQiO2E6MDp7fXM6MzoibmV3IjthOjA6e319czo5OiJfcHJldmlvdXMiO2E6Mjp7czozOiJ1cmwiO3M6MzQ6Imh0dHA6Ly9sb2NhbGhvc3Q6ODAwMC9hcGkvdGVybWVrZWsiO3M6NToicm91dGUiO047fXM6NTA6ImxvZ2luX3dlYl81OWJhMzZhZGRjMmIyZjk0MDE1ODBmMDE0YzdmNThlYTRlMzA5ODlkIjtpOjM7czoxNzoicGFzc3dvcmRfaGFzaF93ZWIiO3M6NjA6IiQyeSQxMiRpSFRXYXJ6bVdJTjNLVHlUWVNJYWxlVWZlOWgud2lxSGNWUFVvR0FVTlFwSDB2bVZOUHFHcSI7fQ==', 1776853799),
('j9e2Frp3nczSZ1tW9YE1cqaYUs7NcSdmnOsOjLRY', NULL, '172.18.0.1', 'Mozilla/5.0 (Windows NT 10.0; Win64; x64) AppleWebKit/537.36 (KHTML, like Gecko) Chrome/147.0.0.0 Safari/537.36', 'YTozOntzOjY6Il90b2tlbiI7czo0MDoidE9EbTlsaGRvNzUyWVFMY3FUQTdwV1g2eFN6RWt5SVdES21PMU9HbSI7czo5OiJfcHJldmlvdXMiO2E6Mjp7czozOiJ1cmwiO3M6MzQ6Imh0dHA6Ly9sb2NhbGhvc3Q6ODAwMC9hcGkvdGVybWVrZWsiO3M6NToicm91dGUiO047fXM6NjoiX2ZsYXNoIjthOjI6e3M6Mzoib2xkIjthOjA6e31zOjM6Im5ldyI7YTowOnt9fX0=', 1776853139),
('m6gJs3PHqAKUTxDN5ja741gdx9WXzHHqGPoesEHg', NULL, '172.18.0.1', 'Mozilla/5.0 (Windows NT 10.0; Win64; x64) AppleWebKit/537.36 (KHTML, like Gecko) Chrome/147.0.0.0 Safari/537.36', 'YTozOntzOjY6Il90b2tlbiI7czo0MDoiZEZVdVJhaG1tTkdkNWZ0NVZheW1uNnF0RG5RZ05tZ3ZvMzdkNXBDeSI7czo5OiJfcHJldmlvdXMiO2E6Mjp7czozOiJ1cmwiO3M6MzA6Imh0dHA6Ly9sb2NhbGhvc3Q6ODAwMC9hcGkvdXNlciI7czo1OiJyb3V0ZSI7Tjt9czo2OiJfZmxhc2giO2E6Mjp7czozOiJvbGQiO2E6MDp7fXM6MzoibmV3IjthOjA6e319fQ==', 1776846974),
('XqhislJcjzuTYrzzBtb54TaAyYwj8dQE9XAZbTRX', NULL, '172.18.0.1', 'Mozilla/5.0 (Windows NT 10.0; Win64; x64) AppleWebKit/537.36 (KHTML, like Gecko) Chrome/147.0.0.0 Safari/537.36', 'YTozOntzOjY6Il90b2tlbiI7czo0MDoid2VFZDZrTDh2NDZVc0NPNHFUbXVRZVU1cm1mNWVOVE9TS1pqZ1BVZiI7czo5OiJfcHJldmlvdXMiO2E6Mjp7czozOiJ1cmwiO3M6MzA6Imh0dHA6Ly9sb2NhbGhvc3Q6ODAwMC9hcGkvdXNlciI7czo1OiJyb3V0ZSI7Tjt9czo2OiJfZmxhc2giO2E6Mjp7czozOiJvbGQiO2E6MDp7fXM6MzoibmV3IjthOjA6e319fQ==', 1776846977);

--
-- A tábla adatainak kiíratása `szekhelies`
--

INSERT INTO `szekhelies` (`id`, `nev`, `cim`, `orszag`, `varos`, `iranyitoszam`, `email`, `telefon`, `kep_url`, `nyitvatartas`, `created_at`, `updated_at`) VALUES
(1, 'Budapest Központ', 'Fő utca 1', 'Magyarország', 'Budapest', '1011', 'budapest@bolt.hu', '+3612345678', 'https://images.unsplash.com/photo-1441986300917-64674bd600d8', 'Hétfő - Vasárnap: 11:00 - 20:00', '2026-03-23 09:16:35', '2026-03-23 09:16:35'),
(2, 'Debreceni depot', 'Kossuth utca 1', 'Magyarország', 'Debrecen', '4024', 'debrecen@bolt.hu', '+3652111222', 'https://images.unsplash.com/photo-1472851294608-062f824d29cc', 'Hétfő - Szombat: 09:00 - 18:00', '2026-03-23 09:16:35', '2026-03-23 09:16:35'),
(3, 'Békéscsabai depot', 'Fő utca 1', 'Magyarország', 'Békéscsaba', '5600', 'bekescsaba@bolt.hu', '+3666333444', 'https://images.unsplash.com/photo-1555529669-e69e7aa0ba9a', 'Hétfő - Péntek: 08:00 - 17:00', '2026-03-23 09:16:35', '2026-03-23 09:16:35');

--
-- A tábla adatainak kiíratása `telephelies`
--

INSERT INTO `telephelies` (`id`, `szekhely_id`, `nev`, `tipus`, `cim`, `created_at`, `updated_at`) VALUES
(1, 1, 'Központi raktár', 'raktar', 'Fő út 2', '2026-03-23 09:16:36', '2026-03-23 09:16:36'),
(2, 2, 'Debreceni depot', 'depot', 'Kossuth utca 10', '2026-03-23 09:16:36', '2026-03-23 09:16:36'),
(3, 3, 'Békéscsabai depot', 'depot', 'Virág utca 5', '2026-03-23 09:16:36', '2026-03-23 09:16:36');

--
-- A tábla adatainak kiíratása `termekeks`
--

INSERT INTO `termekeks` (`cikkszam`, `nev`, `leiras`, `nem`, `anyag`, `ar`, `elerheto`, `marka_id`, `kategoria_id`, `kepUrl`, `created_at`, `updated_at`) VALUES
(1, 'Nike Air Max 90', 'Ikonikus Air Max modell kényelmes párnázással és sportos megjelenéssel.', 'ferfi', 'textil', 54990, 1, 1, 1, 'NikeAirmax90.jpg', '2026-03-23 09:16:38', '2026-03-23 09:16:38'),
(2, 'Nike Revolution 6', 'Könnyű futócipő légáteresztő felsőrésszel és puha hab talppal.', 'no', 'mesh', 21990, 1, 1, 2, 'NikeRevolution6.jpg', '2026-03-23 09:16:38', '2026-03-23 09:16:38'),
(3, 'Nike Court Vision Low', 'Retro kosárlabda stílus modern utcai viselethez.', 'unisex', 'bőr', 28990, 1, 1, 3, 'NikeCourtVision.jpg', '2026-03-23 09:16:38', '2026-03-23 09:16:38'),
(4, 'Adidas Superstar', 'Legendás kagylóorrú sneaker időtálló dizájnnal.', 'unisex', 'bőr', 39990, 1, 2, 4, 'AdidasSuperstar.jpg', '2026-03-23 09:16:38', '2026-03-23 09:16:38'),
(5, 'Adidas Ultraboost 22', 'Prémium futócipő Boost technológiával maximális kényelemért.', 'ferfi', 'primeknit', 69990, 1, 2, 5, 'AdidasUlrtaboots22.jpg', '2026-03-23 09:16:38', '2026-03-23 09:16:38'),
(6, 'Adidas Harden Vol. 7', 'Kosárlabda cipő kiváló stabilitással és tapadással.', 'ferfi', 'textil', 64990, 1, 2, 6, 'AdidasHardenVol7.jpg', '2026-03-23 09:16:38', '2026-03-23 09:16:38'),
(7, 'Puma RS-X', 'Modern utcai sneaker merész dizájnnal és kényelmes talppal.', 'unisex', 'textil', 42990, 1, 3, 7, 'PumaRSX.jpg', '2026-03-23 09:16:38', '2026-03-23 09:16:38'),
(8, 'Puma Suede Classic', 'Klasszikus velúr sneaker letisztult megjelenéssel.', 'ferfi', 'velúr', 29990, 1, 3, 8, 'PumaSuedeClassic.jpg', '2026-03-23 09:16:38', '2026-03-23 09:16:38'),
(9, 'Jordan One Take 4', 'Dinamikus kosárlabda cipő kiváló párnázással.', 'ferfi', 'textil', 45990, 1, 4, 9, 'JordanOneTake4.jpg', '2026-03-23 09:16:38', '2026-03-23 09:16:38'),
(10, 'Reebok Classic Leather', 'Minimalista klasszikus sneaker kényelmes kialakítással.', 'unisex', 'bőr', 27990, 1, 5, 10, 'ReebokClassicLeather.jpg', '2026-03-23 09:16:38', '2026-03-23 09:16:38'),
(11, 'Reebok Question Mid', 'Kosárlabda legenda ihlette prémium modell.', 'ferfi', 'bőr', 59990, 1, 5, 11, 'ReebokQuestionMid.jpg', '2026-03-23 09:16:38', '2026-03-23 09:16:38'),
(12, 'Vans Old Skool', 'Skate stílus ikonikus oldalcsíkkal.', 'unisex', 'vászon', 26990, 1, 6, 12, 'VansOldSkool.jpg', '2026-03-23 09:16:38', '2026-03-23 09:16:38'),
(13, 'New Balance 574', 'Klasszikus NB modell kényelmes középtalppal.', 'unisex', 'velúr', 37990, 1, 7, 13, 'NewBalance574.jpg', '2026-03-23 09:16:38', '2026-03-23 09:16:38'),
(14, 'Converse Chuck Taylor All Star', 'Időtálló tornacipő legendás dizájnnal.', 'unisex', 'vászon', 24990, 1, 8, 14, 'ConverseAllStar.jpg', '2026-03-23 09:16:38', '2026-03-23 09:16:38'),
(15, 'Nike SB Dunk Low', 'Skateboarding ihlette ikonikus sneaker.', 'unisex', 'bőr', 49990, 1, 1, 15, 'NikeSBDunkLow.jpg', '2026-03-23 09:16:38', '2026-03-23 09:16:38'),
(16, 'Adidas Originals Gazelle', 'Retro stílusú Adidas sneaker velúr felsőrésszel.', 'unisex', 'velúr', 35990, 1, 2, 16, 'AdidasGazelle.jpg', '2026-03-23 09:16:38', '2026-03-23 09:16:38'),
(17, 'Air Jordan 1 Mid', 'Kosárlabda ikon modern streetwear változatban.', 'ferfi', 'bőr', 57990, 1, 4, 22, 'AirJordan1Mid.jpg', '2026-03-23 09:16:38', '2026-03-23 09:16:38'),
(18, 'Adidas Forum Low', 'Retro kosárlabda cipő modern megjelenéssel.', 'unisex', 'bőr', 41990, 1, 2, 23, 'AdidasForumLow.jpg', '2026-03-23 09:16:38', '2026-03-23 09:16:38'),
(19, 'Balenciaga Triple S', 'Luxus designer sneaker masszív talppal.', 'ferfi', 'bőr', 349990, 1, 11, 17, 'BaleciagaTripleS.jpg', '2026-03-23 09:16:38', '2026-03-23 09:16:38'),
(20, 'Alexander McQueen Oversized Sneaker', 'Elegáns prémium sneaker minimalista stílussal.', 'no', 'bőr', 229990, 1, 12, 18, 'AlexanderMcQueen.jpg', '2026-03-23 09:16:38', '2026-03-23 09:16:38'),
(21, 'Gucci Rhyton', 'Luxus streetwear sneaker egyedi dizájnnal.', 'unisex', 'bőr', 329990, 1, 13, 19, 'GucciRhyton.jpg', '2026-03-23 09:16:38', '2026-03-23 09:16:38'),
(22, 'Off-White Odsy-1000', 'Modern designer sneaker futurisztikus megjelenéssel.', 'ferfi', 'textil', 279990, 1, 14, 20, 'Odsy1000.jpg', '2026-03-23 09:16:38', '2026-03-23 09:16:38'),
(23, 'Maison Margiela Replica', 'Prémium minimalista sneaker luxus kivitelben.', 'gyerek', 'bőr', 189990, 1, 15, 21, 'MaisonMargelaReplica.jpg', '2026-03-23 09:16:38', '2026-03-23 09:16:38'),
(24, 'Veja V-10', 'Fenntartható anyagokból készült modern sneaker.', 'gyerek', 'textil', 59990, 1, 16, 24, 'VejaV10.jpg', '2026-03-23 09:16:38', '2026-03-23 09:16:38'),
(25, 'Allbirds Wool Runner', 'Kényelmes gyapjú sneaker mindennapi viselethez.', 'gyerek', 'gyapjú', 45990, 1, 17, 25, 'AllbirdWoolRunner.jpg', '2026-03-23 09:16:38', '2026-03-23 09:16:38'),
(26, 'Cariuma OCA Low', 'Könnyű vászon sneaker fenntartható gyártással.', 'no', 'vászon', 32990, 1, 18, 26, 'CariumaOCA.jpg', '2026-03-23 09:16:38', '2026-03-23 09:16:38'),
(27, 'Adidas x Parley Ultraboost', 'Újrahasznosított anyagokból készült prémium futócipő.', 'unisex', 'újrahasznosított textil', 72990, 1, 2, 27, 'AdidasXParley.jpg', '2026-03-23 09:16:38', '2026-03-23 09:16:38'),
(28, 'Nike Space Hippie 04', 'Környezetbarát sneaker modern technológiával.', 'ferfi', 'újrahasznosított textil', 48990, 1, 1, 28, 'NikeSpaceHippie04.jpg', '2026-03-23 09:16:38', '2026-03-23 09:16:38'),
(29, 'Jordan 4 Retro Black Cat (2025)', 'Ikonikus, teljesen fekete nubuk borítású klasszikus kosárlabda cipő.', 'ferfi', 'bor/szintetikus', 185000, 1, 4, 29, 'Jordan4RetroBlackCat2025.jpg', '2026-03-23 09:16:38', '2026-03-23 09:16:38'),
(30, 'Nike Air Force 1 Low 07 White / Lanvin Black White Rope', 'Klasszikus sneaker exkluzív Lanvin stílusú vastag fűzőkkel modernizálva.', 'unisex', 'bor', 64990, 1, 1, 30, 'AF1LanvinRope.jpg', '2026-03-23 09:16:38', '2026-03-23 09:16:38'),
(31, 'Nike Air Force 1 Low Supreme White', 'Letisztult fehér felsőrész diszkrét piros Supreme logóval a sarokrészen.', 'unisex', 'bor', 75000, 1, 1, 31, 'AF1SupremeWhite.jpg', '2026-03-23 09:16:38', '2026-03-23 09:16:38'),
(32, 'Nike Air Force 1 Low 07 Black / White Denim Tears Custom', 'Egyedi megjelenésű, Denim Tears inspirálta különleges grafikájú sneaker.', 'ferfi', 'bor', 89990, 1, 1, 32, 'AF1DenimTears.jpg', '2026-03-23 09:16:38', '2026-03-23 09:16:38'),
(33, 'Nike Air Force 1 Low 07 Black / Rose Rope Laces', 'Elegáns fekete alap rózsaszín vastag kötélfűzőkkel kombinálva.', 'no', 'bor', 62990, 1, 1, 33, 'AF1RoseRope.jpg', '2026-03-23 09:16:38', '2026-03-23 09:16:38'),
(34, 'Jordan 4 Retro Fear (2024)', 'Sötét árnyalatú, félelmetes stílust sugárzó prémium kosárlabda cipő.', 'ferfi', 'bor/szintetikus', 95000, 1, 4, 34, 'Jordan4Fear.jpg', '2026-03-23 09:16:38', '2026-03-23 09:16:38'),
(35, 'Jordan 4 Retro Frozen Moments', 'Fémes részletekkel és szürke nubukkal készült különleges női kiadás.', 'no', 'bor/velur', 115000, 1, 4, 35, 'Jordan4FrozenMoments.jpg', '2026-03-23 09:16:38', '2026-03-23 09:16:38'),
(36, 'Jordan 4 Retro Metallic Gold', 'Tiszta fehér alap arany kiegészítőkkel a prémium megjelenésért.', 'no', 'bor', 92000, 1, 4, 36, 'Jordan4MetallicGold.jpg', '2026-03-23 09:16:38', '2026-03-23 09:16:38'),
(37, 'Jordan 4 Retro SE Paris Olympics Wet Cement', 'A párizsi olimpia tiszteletére kiadott texturált szürke különlegesség.', 'gyerek', 'nubuk/velúr', 110000, 1, 4, 37, 'Jordan4Paris.jpg', '2026-03-23 09:16:38', '2026-03-23 09:16:38'),
(38, 'Jordan 4 Retro Infrared', 'Szürke és fekete színek élénk infravörös részletekkel feldobva.', 'ferfi', 'szintetikus/bor', 120000, 1, 4, 38, 'Jordan4Infrared.jpg', '2026-03-23 09:16:38', '2026-03-23 09:16:38'),
(39, 'Jordan 4 Retro Red Thunder', 'Fekete nubuk alap, kontrasztos piros betétekkel a dinamikus megjelenésért.', 'ferfi', 'nubuk', 145000, 1, 4, 39, 'Jordan4RedThunder.jpg', '2026-03-23 09:16:38', '2026-03-23 09:16:38'),
(40, 'Jordan 4 Retro University Blue', 'Az UNC egyetem színeiben pompázó, prémium velúr borítású modell.', 'ferfi', 'velúr', 175000, 1, 4, 40, 'Jordan4UniBlue.jpg', '2026-03-23 09:16:38', '2026-03-23 09:16:38'),
(41, 'Jordan 1 Low SE Concord', 'A klasszikus AJ11 Concord színvilág alacsony szárú AJ1 változata.', 'unisex', 'lakkbor', 52000, 1, 4, 41, 'Jordan1LowConcord.jpg', '2026-03-23 09:16:38', '2026-03-23 09:16:38'),
(42, 'Jordan 1 Retro High OG Rebellionaire', 'Teljes felületén graffitivel ellátott modell, a \"Banned\" kampány emlékezetére.', 'ferfi', 'bor', 98000, 1, 4, 42, 'Jordan1Rebellionaire.jpg', '2026-03-23 09:16:38', '2026-03-23 09:16:38'),
(43, 'Jordan 1 Retro High OG Lucky Green', 'Zöld és fekete színek kombinációja a klasszikus Celtics stílusban.', 'ferfi', 'bor', 78000, 1, 4, 43, 'Jordan1LuckyGreen.jpg', '2026-03-23 09:16:38', '2026-03-23 09:16:38'),
(44, 'Jordan 1 Retro High OG Chicago Lost and Found', 'Visszatérés a gyökerekhez: az eredeti Chicago színállás antikolt hatással.', 'unisex', 'bor', 165000, 1, 4, 44, 'Jordan1LostAndFound.jpg', '2026-03-23 09:16:38', '2026-03-23 09:16:38'),
(45, 'Jordan 1 Retro High OG Spider-Man Across the Spider-Verse', 'A Pókember animációs film inspirálta multiverzum stílusú cipő.', 'gyerek', 'bor/szintetikus', 85000, 1, 4, 45, 'Jordan1Spiderverse.jpg', '2026-03-23 09:16:38', '2026-03-23 09:16:38'),
(46, 'Jordan 1 Retro High OG Bleached Coral', 'Szürke velúr, fehér bőr és finom korall árnyalatok keveréke.', 'gyerek', 'bor/velúr', 72000, 1, 4, 46, 'Jordan1BleachedCoral.jpg', '2026-03-23 09:16:38', '2026-03-23 09:16:38'),
(47, 'Jordan 1 Retro High Court Purple White', 'Királyi lila és fehér kontrasztja klasszikus magas szárú kivitelben.', 'gyerek', 'bor', 88000, 1, 4, 47, 'Jordan1CourtPurple.jpg', '2026-03-23 09:16:38', '2026-03-23 09:16:38'),
(48, 'Jordan 1 Low Shadow Toe', 'Szürke, fekete és fehér panelekből álló hétköznapi kedvenc.', 'gyerek', 'bor', 58000, 1, 4, 48, 'Jordan1ShadowToe.jpg', '2026-03-23 09:16:38', '2026-03-23 09:16:38'),
(49, 'Jordan 1 Retro Low OG SP Travis Scott Black Phantom', 'Teljesen fekete Travis Scott kollaboráció kontrasztos fehér varrással.', 'ferfi', 'velúr', 280000, 1, 4, 49, 'Jordan1TravisPhantom.jpg', '2026-03-23 09:16:38', '2026-03-23 09:16:38'),
(50, 'Jordan 1 Retro Low OG SP Travis Scott Velvet Brown', 'Sötétbarna bársonyos hatású velúr felsőrész fordított pipával.', 'ferfi', 'velúr', 240000, 1, 4, 50, 'Jordan1TravisVelvet.jpg', '2026-03-23 09:16:38', '2026-03-23 09:16:38'),
(51, 'Jordan 1 Retro Low OG SP Travis Scott Reverse Mocha', 'A legnépszerűbb Travis Scott színállás: barna velúr és krémfehér bőr.', 'ferfi', 'bor/velúr', 450000, 1, 4, 51, 'Jordan1TravisMocha.jpg', '2026-03-23 09:16:38', '2026-03-23 09:16:38'),
(52, 'Jordan 1 Low Triple White Tumbled Leather', 'Teljesen fehér, texturált bőrből készült letisztult alapmodell.', 'unisex', 'bor', 48000, 1, 4, 52, 'Jordan1TripleWhite.jpg', '2026-03-23 09:16:38', '2026-03-23 09:16:38'),
(53, 'Jordan 11 Retro DMP Gratitude', 'A hálát és a győzelmet szimbolizáló lakkbőr borítású ünnepi kiadás.', 'ferfi', 'lakkbor/bor', 105000, 1, 4, 53, 'Jordan11DMP.jpg', '2026-03-23 09:16:38', '2026-03-23 09:16:38'),
(54, 'Jordan 11 Retro Gamma Blue (2025)', 'Fekete lakkbőr kék akcentusokkal, a Jordan 11 sorozat egyik legkeresettebb tagja.', 'ferfi', 'lakkbor/szintetikus', 125000, 1, 4, 54, 'Jordan11Gamma.jpg', '2026-03-23 09:16:38', '2026-03-23 09:16:38'),
(55, 'Jordan 11 Retro Pearl', 'Gyöngyházfényű részletekkel ellátott elegáns, női Jordan 11-es.', 'no', 'lakkbor', 95000, 1, 4, 55, 'Jordan11Pearl.jpg', '2026-03-23 09:16:38', '2026-03-23 09:16:38'),
(56, 'Maison Mihara Yasuhiro Peterson OG Sole Canvas Low Black', 'Különleges, \"olvadt\" talpszerkezettel rendelkező avantgárd japán design.', 'unisex', 'vászon', 140000, 1, 22, 56, 'MiharaPeterson.jpg', '2026-03-23 09:16:38', '2026-03-23 09:16:38'),
(57, 'Nike Air Force 1 Low Supreme Black', 'Minimalista fekete AF1 a híres piros Supreme Box logóval.', 'unisex', 'bor', 75000, 1, 1, 57, 'AF1SupremeBlack.jpg', '2026-03-23 09:16:38', '2026-03-23 09:16:38'),
(58, 'Air Jordan 4 Retro Military Black', 'Fehér, szürke és fekete színek tökéletes harmóniája minden szetthez.', 'unisex', 'bor/velúr', 160000, 1, 4, 58, 'Jordan4MilitaryBlack.jpg', '2026-03-23 09:16:38', '2026-03-23 09:16:38'),
(59, 'Nike Dunk Low Grey Fog', 'Népszerű kéttónusú szürke-fehér Dunk az egyszerűség kedvelőinek.', 'unisex', 'bor', 55000, 1, 1, 59, 'DunkGreyFog.jpg', '2026-03-23 09:16:38', '2026-03-23 09:16:38'),
(60, 'Adidas Campus 00s Grey White', 'Vastag nyelv és retró gördeszkás stílus a kényelem jegyében.', 'unisex', 'velúr', 42000, 1, 2, 60, 'AdidasCampusGrey.jpg', '2026-03-23 09:16:38', '2026-03-23 09:16:38'),
(61, 'Yeezy Slide Onyx', 'Extrém kényelmes, futurisztikus megjelenésű fekete papucs.', 'unisex', 'EVA hab', 45000, 1, 61, 61, 'YeezySlideOnyx.jpg', '2026-03-23 09:16:38', '2026-03-23 09:16:38'),
(62, 'NIKE AIR MAX PLUS Triple Black', 'Agresszív vonalvezetés és látható Air egységek teljesen feketében.', 'gyerek', 'szintetikus/textil', 69990, 1, 1, 62, 'AirMaxPlusBlack.jpg', '2026-03-23 09:16:38', '2026-03-23 09:16:38'),
(63, 'Timberland 6\" Premium Waterproof Boot Wheat', 'Vízálló, strapabíró és ikonikus sárga bakancs a téli napokra.', 'unisex', 'nubuk', 84990, 1, 10, 63, 'TimberlandWheat.jpg', '2026-03-23 09:16:38', '2026-03-23 09:16:38'),
(64, 'Crocs x Cars Mater', 'Különleges Verda kollaboráció a mókás Matuka karakterével.', 'unisex', 'Croslite', 35000, 1, 64, 64, 'CrocsMater.jpg', '2026-03-23 09:16:38', '2026-03-23 09:16:38'),
(65, 'Air Jordan 1 Retro Low OG SP Travis Scott Canary', 'Élénk sárga-kék színállás Travis Scott jellegzetes stíluselemeivel.', 'no', 'bor', 190000, 1, 4, 65, 'Jordan1TravisCanary.jpg', '2026-03-23 09:16:38', '2026-03-23 09:16:38'),
(66, 'Air Jordan 1 Retro High OG Bred Patent', 'A klasszikus piros-fekete színállás csillogó lakkbőr kivitelben.', 'ferfi', 'lakkbor', 110000, 1, 4, 66, 'Jordan1BredPatent.jpg', '2026-03-23 09:16:38', '2026-03-23 09:16:38');
COMMIT;

/*!40101 SET CHARACTER_SET_CLIENT=@OLD_CHARACTER_SET_CLIENT */;
/*!40101 SET CHARACTER_SET_RESULTS=@OLD_CHARACTER_SET_RESULTS */;
/*!40101 SET COLLATION_CONNECTION=@OLD_COLLATION_CONNECTION */;
